term,raw_count_domain,tf,df_wikipedia,idf,tfidf_score,in_wikipedia,below_min_df
abradable,320,6.768321,11,14.188122,96.029766,true,false
fanblade,179,6.187386,3,15.286735,94.584924,true,true
borescope,323,6.777652,25,13.414932,90.921747,true,false
tipclearance,51,4.931826,0,16.673029,82.228471,false,false
unbonded,175,6.164786,56,12.629978,77.861109,true,false
exciterbox,37,4.610918,0,16.673029,76.877968,false,false
exciter,351,6.860786,280,11.034674,75.706541,true,false
bushing,309,6.733341,234,11.213443,75.503941,true,false
lockwire,48,4.871201,3,15.286735,74.464757,true,true
dampener,142,5.955827,80,12.27858,73.129097,true,false
thrustlink,28,4.332205,0,16.673029,72.230971,false,false
excentricity,41,4.713572,5,14.881269,70.143936,true,false
accessory,2229,8.709308,6571,7.882455,68.650735,true,false
dampner,35,4.555348,5,14.881269,67.789362,true,false
bolthole,51,4.931826,20,13.628506,67.213417,true,false
testcell,20,3.995732,0,16.673029,66.62096,false,false
starterduct,20,3.995732,0,16.673029,66.62096,false,false
clevis,66,5.189655,49,12.761006,66.225215,true,false
tipcorner,19,3.944439,0,16.673029,65.765745,false,false
flange,349,6.855072,1189,9.59132,65.749191,true,false
subtask,56,5.025352,42,12.911829,64.886481,true,false
vane,590,7.380123,2685,8.777221,64.776963,true,false
spinnercone,17,3.833213,0,16.673029,63.911277,false,false
ndo,70,5.248495,95,12.108681,63.552353,true,false
hydr,37,4.610918,18,13.72859,63.301401,true,false
nozzle,343,6.83773,1736,9.213114,62.996791,true,false
exiter,24,4.178054,4,15.063591,62.936494,true,true
sump,240,6.480639,1057,9.708893,62.919832,true,false
hydromechanical,50,4.912023,52,12.702737,62.396136,true,false
scavenge,192,6.257495,813,9.971069,62.393915,true,false
compressor,454,7.118097,2901,8.699873,61.926545,true,false
coking,166,6.111988,697,10.12481,61.882714,true,false
serveral,26,4.258097,8,14.475804,61.639372,true,false
precooler,27,4.295837,10,14.275134,61.323645,true,false
igniter,88,5.477337,239,11.19239,61.30449,true,false
gearbox,777,7.65544,6198,7.940886,60.790976,true,false
ignition,699,7.549651,5592,8.043758,60.727562,true,false
dent,693,7.54103,5567,8.048238,60.692002,true,false
bleed,503,7.22059,3951,8.391052,60.588346,true,false
schroud,16,3.772589,1,15.979882,60.285522,true,true
partnumber,16,3.772589,1,15.979882,60.285522,true,true
anodization,29,4.367296,18,13.72859,59.956814,true,false
teflon,149,6.003946,840,9.938437,59.669844,true,false
altenator,13,3.564949,0,16.673029,59.438504,false,false
inspection,2707,8.903596,23991,6.587553,58.652914,true,false
scavange,14,3.639057,1,15.979882,58.151706,true,true
fancase,12,3.484907,0,16.673029,58.103949,false,false
duct,329,6.796058,3456,8.524872,57.935526,true,false
coating,582,7.36647,6731,7.858401,57.888681,true,false
combustor,60,5.094345,210,11.321171,57.673945,true,false
turbine,815,7.703188,10192,7.443572,57.339238,true,false
shroud,192,6.257495,1908,9.118694,57.060186,true,false
contaiment,13,3.564949,1,15.979882,56.967469,true,true
nondestructive,68,5.219508,321,10.898477,56.884687,true,false
birdcase,11,3.397895,0,16.673029,56.653206,false,false
dillution,11,3.397895,0,16.673029,56.653206,false,false
damper,134,5.89784,1197,9.58462,56.528554,true,false
blade,1503,8.315218,19593,6.79005,56.46075,true,false
connector,429,7.061457,6300,7.924565,55.958976,true,false
lug,137,5.919981,1394,9.432379,55.839505,true,false
chafing,62,5.127134,330,10.870911,55.736619,true,false
lenght,12,3.484907,1,15.979882,55.688396,true,true
stator,72,5.276666,458,10.543979,55.637055,true,false
boroscope,14,3.639057,3,15.286735,55.629303,true,true
fotobestand,10,3.302585,0,16.673029,55.064097,false,false
enviremental,10,3.302585,0,16.673029,55.064097,false,false
unbonding,16,3.772589,8,14.475804,54.611256,true,false
enviromental,11,3.397895,1,15.979882,54.297965,true,true
aprox,12,3.484907,2,15.574417,54.275388,true,true
ignit,14,3.639057,5,14.881269,54.153793,true,false
valve,618,7.426488,12239,7.260564,53.920497,true,false
turnbuckle,57,5.043051,444,10.574955,53.330038,true,false
harness,322,6.774552,7018,7.816653,52.954318,true,false
hose,200,6.298317,3955,8.39004,52.843136,true,false
pad,408,7.011267,9493,7.514614,52.686964,true,false
spinner,169,6.129899,3258,8.583853,52.618151,true,false
deflector,49,4.89182,371,10.754135,52.607296,true,false
dimentional,13,3.564949,7,14.593587,52.0254,true,false
bolt,360,6.886104,9233,7.542381,51.937622,true,false
module,466,7.144186,12513,7.238426,51.712656,true,false
testrun,8,3.079442,0,16.673029,51.343618,false,false
guidepad,8,3.079442,0,16.673029,51.343618,false,false
plug,345,6.843544,10017,7.46089,51.058933,true,false
sheath,131,5.875197,2972,8.675702,50.971462,true,false
combuster,12,3.484907,7,14.593587,50.85729,true,false
manual,1755,8.470224,43488,5.992766,50.760068,true,false
crack,401,6.993961,12558,7.234836,50.600164,true,false
cone,388,6.961005,12481,7.240986,50.404542,true,false
axial,178,6.181784,5102,8.135445,50.29156,true,false
popout,14,3.639057,17,13.782657,50.155879,true,false
aera,34,4.526361,283,11.024055,49.898846,true,false
debonding,16,3.772589,34,13.117681,49.487615,true,false
repairable,35,4.555348,340,10.841146,49.385195,true,false
replaceable,62,5.127134,1195,9.586291,49.150202,true,false
aftmount,7,2.94591,0,16.673029,49.117245,false,false
hydraulic,309,6.733341,12138,7.26885,48.943649,true,false
anodize,11,3.397895,9,14.370444,48.829263,true,false
eccentricity,139,5.934474,4740,8.209026,48.716248,true,false
containment,123,5.812184,3989,8.381482,48.714721,true,false
outlet,445,7.098074,18983,6.821677,48.420771,true,false
filter,305,6.720312,13087,7.193578,48.343086,true,false
corrosion,132,5.882802,4963,8.163062,48.021675,true,false
sprayshield,8,3.079442,2,15.574417,47.960505,true,true
aft,228,6.429346,10572,7.40697,47.62197,true,false
strut,92,5.521789,3287,8.574994,47.349305,true,false
cubic,240,6.480639,11849,7.292946,47.262948,true,false
serviceable,64,5.158883,1868,9.13987,47.151521,true,false
blendable,9,3.197225,6,14.727119,47.085906,true,false
dimensial,7,2.94591,1,15.979882,47.075296,true,true
oiltank,8,3.079442,3,15.286735,47.074605,true,true
sheat,16,3.772589,68,12.438922,46.926938,true,false
abredable,6,2.791759,0,16.673029,46.547086,false,false
frontcone,6,2.791759,0,16.673029,46.547086,false,false
igniterplug,6,2.791759,0,16.673029,46.547086,false,false
filterbowl,6,2.791759,0,16.673029,46.547086,false,false
innerskin,6,2.791759,0,16.673029,46.547086,false,false
filtercap,6,2.791759,0,16.673029,46.547086,false,false
tipcurl,6,2.791759,0,16.673029,46.547086,false,false
borescoop,6,2.791759,0,16.673029,46.547086,false,false
boroscoop,6,2.791759,0,16.673029,46.547086,false,false
tube,526,7.265301,29898,6.367449,46.261432,true,false
clamp,68,5.219508,2507,8.845788,46.170659,true,false
rotor,92,5.521789,4075,8.360158,46.163022,true,false
limit,1409,8.250636,65221,5.587477,46.100234,true,false
maintenance,1384,8.232733,65049,5.590117,46.021945,true,false
rubber,368,6.908083,22569,6.648652,45.92944,true,false
deliverd,8,3.079442,5,14.881269,45.825999,true,false
washer,45,4.806662,1260,9.533369,45.823685,true,false
airfoil,44,4.78419,1216,9.568885,45.779359,true,false
visuel,14,3.639057,60,12.562155,45.714402,true,false
guid,21,4.044522,215,11.29775,45.694005,true,false
bumper,94,5.543295,4679,8.221976,45.576834,true,false
pneumatic,83,5.418841,3904,8.403016,45.534603,true,false
imperfection,32,4.465736,673,10.159799,45.370978,true,false
detach,52,4.951244,1844,9.152794,45.317715,true,false
seal,465,7.142037,30597,6.344339,45.311506,true,false
clearance,218,6.384495,14644,7.081175,45.209725,true,false
loose,499,7.212606,33095,6.265861,45.193189,true,false
manifold,89,5.488636,4676,8.222617,45.130953,true,false
sensor,158,6.062595,10191,7.443671,45.12796,true,false
clearence,7,2.94591,3,15.286735,45.033346,true,true
pump,246,6.505332,17284,6.915435,44.987194,true,false
leakage,71,5.26268,3382,8.546511,44.97755,true,false
variable,485,7.184149,34116,6.235478,44.796601,true,false
circumferential,30,4.401197,675,10.156836,44.702239,true,false
concave,90,5.49981,5216,8.113351,44.621887,true,false
flowcheck,6,2.791759,1,15.979882,44.611986,true,true
alodine,6,2.791759,1,15.979882,44.611986,true,true
generator,187,6.231109,13579,7.156675,44.594022,true,false
booster,88,5.477337,5125,8.130948,44.535941,true,false
insulation,75,5.317488,4354,8.293949,44.102975,true,false
penetrant,15,3.70805,122,11.860845,43.980607,true,false
starter,288,6.66296,23986,6.587762,43.893995,true,false
exhaust,116,5.75359,8576,7.616189,43.820433,true,false
thrust,154,6.036953,12335,7.252752,43.784519,true,false
pin,222,6.402677,19104,6.815324,43.636318,true,false
alternator,34,4.526361,1137,9.636001,43.616016,true,false
inspectionlot,5,2.609438,0,16.673029,43.507234,false,false
partnr,5,2.609438,0,16.673029,43.507234,false,false
fillercap,5,2.609438,0,16.673029,43.507234,false,false
stopnut,5,2.609438,0,16.673029,43.507234,false,false
shopvisit,5,2.609438,0,16.673029,43.507234,false,false
inpection,5,2.609438,0,16.673029,43.507234,false,false
retification,6,2.791759,2,15.574417,43.480025,true,true
bearing,510,7.234411,44074,5.979381,43.257297,true,false
spray,111,5.70953,9054,7.561957,43.175219,true,false
notch,87,5.465908,6630,7.873518,43.035926,true,false
rub,51,4.931826,2849,8.717955,42.995432,true,false
tip,405,7.003887,37962,6.128662,42.924454,true,false
detector,73,5.290459,5429,8.073334,42.711649,true,false
erosion,161,6.081404,15685,7.012505,42.645879,true,false
cocking,23,4.135494,621,10.240089,42.347828,true,false
syst,19,3.944439,382,10.724994,42.304084,true,false
oil,1433,8.267525,109476,5.069559,41.912709,true,false
aircraft,1357,8.213032,106798,5.094325,41.839853,true,false
pressure,1264,8.142037,102710,5.133354,41.795959,true,false
fan,758,7.630683,73303,5.470658,41.744862,true,false
engine,1098,8.001246,95618,5.204902,41.6457,true,false
oclock,8,3.079442,23,13.494975,41.556987,true,false
paint,307,6.726848,36370,6.171502,41.514753,true,false
hole,348,6.852202,43015,6.003701,41.138578,true,false
bolthead,6,2.791759,6,14.727119,41.114573,true,false
ignitor,10,3.302585,70,12.410349,40.986234,true,false
clock,300,6.703782,38948,6.103021,40.913322,true,false
datum,26,4.258097,1189,9.59132,40.840768,true,false
fuel,475,7.163315,58611,5.694334,40.790308,true,false
indicator,97,5.574711,11595,7.314613,40.776856,true,false
rough,328,6.793014,43176,5.999966,40.757848,true,false
buildup,56,5.025352,5238,8.109143,40.751295,true,false
mount,1200,8.090077,116285,5.009221,40.524982,true,false
unbounded,26,4.258097,1343,9.469623,40.322571,true,false
bracket,137,5.919981,19508,6.794398,40.222705,true,false
dim,53,4.970292,5445,8.070392,40.112205,true,false
scratch,93,5.532599,12516,7.238186,40.045984,true,false
length,3568,9.17976,224052,4.353391,39.963087,true,false
bulletin,169,6.129899,25830,6.513698,39.928311,true,false
link,666,7.50129,86503,5.305083,39.794964,true,false
exciterboxe,4,2.386294,0,16.673029,39.786755,false,false
containmentcase,4,2.386294,0,16.673029,39.786755,false,false
burnspot,4,2.386294,0,16.673029,39.786755,false,false
threadmark,4,2.386294,0,16.673029,39.786755,false,false
seperator,4,2.386294,0,16.673029,39.786755,false,false
flow,471,7.154858,67226,5.557199,39.760968,true,false
fault,131,5.875197,20452,6.747144,39.640803,true,false
timestamp,21,4.044522,971,9.793673,39.610731,true,false
dimensional,154,6.036953,25556,6.524362,39.387266,true,false
pawl,13,3.564949,280,11.034674,39.338055,true,false
check,235,6.459586,40165,6.072253,39.224236,true,false
regulator,59,5.077537,7991,7.686833,39.03018,true,false
convex,63,5.143135,8954,7.573062,38.949276,true,false
radial,79,5.369448,12577,7.233324,38.838958,true,false
actuator,18,3.890372,804,9.982187,38.834417,true,false
remark,53,4.970292,7180,7.793835,38.737635,true,false
shield,214,6.365976,39906,6.078722,38.696998,true,false
torque,51,4.931826,6920,7.830713,38.619713,true,false
servo,22,4.091042,1386,9.43813,38.611792,true,false
migration,176,6.170484,33516,6.253221,38.585399,true,false
tear,88,5.477337,15247,7.040825,38.564971,true,false
deviation,46,4.828641,6047,7.965546,38.462765,true,false
wiring,36,4.583519,4039,8.369029,38.359603,true,false
pitting,30,4.401197,2869,8.710962,38.338661,true,false
sulfuric,25,4.218876,2018,9.062671,38.234285,true,false
nick,341,6.831882,64920,5.592102,38.204587,true,false
guide,837,7.729824,125244,4.935002,38.146696,true,false
exentricity,4,2.386294,1,15.979882,38.132702,true,true
attach,51,4.931826,7711,7.722496,38.086004,true,false
connecter,6,2.791759,20,13.628506,38.047512,true,false
sleeve,67,5.204693,11744,7.301846,38.003864,true,false
thread,68,5.219508,12330,7.253157,37.85791,true,false
depth,334,6.811141,68526,5.538046,37.720411,true,false
cable,199,6.293305,44044,5.980062,37.634352,true,false
thermal,96,5.564348,20215,6.758799,37.608312,true,false
reinspection,6,2.791759,24,13.454153,37.560759,true,false
inlet,57,5.043051,10210,7.441808,37.52942,true,false
electrical,253,6.533389,55790,5.743661,37.525575,true,false
shop,385,6.953243,79220,5.393032,37.499065,true,false
template,42,4.73767,6443,7.902124,37.437654,true,false
item,111,5.70953,25417,6.529816,37.282182,true,false
rubbe,4,2.386294,2,15.574417,37.165143,true,true
finding,417,7.033086,89214,5.274224,37.094075,true,false
edge,506,7.226537,108220,5.081098,36.718742,true,false
wire,122,5.804021,31354,6.3199,36.680832,true,false
boot,63,5.143135,14094,7.119453,36.616308,true,false
supply,456,7.122493,102603,5.134397,36.569704,true,false
suply,4,2.386294,3,15.286735,36.478648,true,true
damage,448,7.104793,103257,5.128043,36.433685,true,false
arrestor,10,3.302585,285,11.017037,36.384702,true,false
plate,176,6.170484,47882,5.896513,36.38434,true,false
dirty,92,5.521789,24200,6.57888,36.327183,true,false
burn,108,5.682131,29434,6.383089,36.26955,true,false
barrier,94,5.543295,25654,6.520535,36.145248,true,false
defect,40,4.688879,8132,7.669344,35.960628,true,false
indentification,4,2.386294,4,15.063591,35.946162,true,true
nut,37,4.610918,7570,7.740948,35.692878,true,false
lubrication,18,3.890372,1854,9.147389,35.586744,true,false
visual,314,6.749393,89965,5.265842,35.541236,true,false
condition,369,6.910797,102002,5.140271,35.52337,true,false
heater,20,3.995732,2426,8.878618,35.476579,true,false
situ,34,4.526361,7058,7.81097,35.355267,true,false
particle,50,4.912023,13114,7.191517,35.324897,true,false
shaving,19,3.944439,2253,8.952567,35.312855,true,false
hand,1168,8.063048,220208,4.370697,35.241137,true,false
braid,18,3.890372,2059,9.042568,35.17895,true,false
wear,148,5.997212,50782,5.837712,35.009998,true,false
lockpin,3,2.098612,0,16.673029,34.990223,false,false
ecxiter,3,2.098612,0,16.673029,34.990223,false,false
outerskin,3,2.098612,0,16.673029,34.990223,false,false
bumperseal,3,2.098612,0,16.673029,34.990223,false,false
shafing,3,2.098612,0,16.673029,34.990223,false,false
inlimit,3,2.098612,0,16.673029,34.990223,false,false
clereance,3,2.098612,0,16.673029,34.990223,false,false
mentiod,3,2.098612,0,16.673029,34.990223,false,false
supplytube,3,2.098612,0,16.673029,34.990223,false,false
tipside,3,2.098612,0,16.673029,34.990223,false,false
indication,56,5.025352,16551,6.958767,34.97025,true,false
panel,170,6.135798,58753,5.691914,34.924439,true,false
cowl,14,3.639057,1185,9.594687,34.915617,true,false
ballbearing,4,2.386294,7,14.593587,34.824595,true,false
unserviceable,10,3.302585,462,10.535302,34.793731,true,false
transfer,325,6.783825,106409,5.097974,34.583765,true,false
cracke,4,2.386294,8,14.475804,34.54353,true,false
magnetic,63,5.143135,21174,6.712452,34.523047,true,false
arcing,10,3.302585,508,10.440581,34.480907,true,false
blend,55,5.007333,18068,6.871076,34.405766,true,false
combustion,32,4.465736,8002,7.685457,34.321222,true,false
liner,85,5.442651,31817,6.305241,34.31723,true,false
lanyard,10,3.302585,534,10.390762,34.316376,true,false
chapter,234,6.455321,86417,5.306078,34.252435,true,false
picture,277,6.624018,99205,5.168075,34.23342,true,false
repair,121,5.795791,47622,5.901958,34.206511,true,false
bushings,8,3.079442,302,10.959296,33.748512,true,false
igniton,3,2.098612,1,15.979882,33.535576,true,true
outer,135,5.905275,59769,5.67477,33.511075,true,false
screw,32,4.465736,9739,7.489033,33.444041,true,false
lock,62,5.127134,26216,6.498866,33.320557,true,false
labyrinth,21,4.044522,4853,8.185471,33.106319,true,false
foot,245,6.501258,108499,5.078523,33.016792,true,false
chip,47,4.850148,19769,6.781108,32.889375,true,false
nipple,11,3.397895,1090,9.678179,32.885438,true,false
splitter,11,3.397895,1099,9.669963,32.857523,true,false
bowl,104,5.644391,51810,5.817671,32.83721,true,false
cracket,3,2.098612,2,15.574417,32.684662,true,true
excit,3,2.098612,2,15.574417,32.684662,true,true
filler,18,3.890372,3980,8.383741,32.615868,true,false
trailing,33,4.496508,12326,7.253482,32.615335,true,false
drain,32,4.465736,12052,7.27596,32.492516,true,false
rivet,10,3.302585,938,9.828213,32.458511,true,false
low,902,7.804615,274069,4.15189,32.403902,true,false
minute,240,6.480639,119756,4.979809,32.272344,true,false
gla,8,3.079442,498,10.460423,32.212261,true,false
metal,213,6.361292,110172,5.063222,32.208633,true,false
stage,950,7.856462,292148,4.08801,32.117293,true,false
sytem,3,2.098612,3,15.286735,32.080929,true,true
receptical,3,2.098612,3,15.286735,32.080929,true,true
metalic,3,2.098612,3,15.286735,32.080929,true,true
bestand,5,2.609438,80,12.27858,32.040191,true,false
spacer,9,3.197225,782,10.009896,32.003886,true,false
groove,34,4.526361,15060,7.053165,31.925168,true,false
clk,6,2.791759,189,11.426005,31.898657,true,false
ring,140,5.941642,81487,5.364818,31.875829,true,false
upper,417,7.033086,187618,4.53086,31.865931,true,false
applicable,36,4.583519,16733,6.947831,31.845515,true,false
piece,203,6.313206,112979,5.038063,31.806328,true,false
rear,127,5.844187,75568,5.440227,31.793707,true,false
reverser,6,2.791759,200,11.369724,31.741535,true,false
core,152,6.023881,90444,5.260532,31.688814,true,false
impact,257,6.549076,140171,4.822403,31.582287,true,false
swirl,10,3.302585,1279,9.518414,31.435371,true,false
adapter,14,3.639057,3106,8.631616,31.410945,true,false
punt,20,3.995732,6892,7.834767,31.305632,true,false
unkn,3,2.098612,5,14.881269,31.230015,true,false
box,202,6.308268,123589,4.948304,31.215226,true,false
visible,98,5.584967,66064,5.574635,31.134152,true,false
material,301,6.70711,170262,4.627929,31.040032,true,false
inner,108,5.682131,73936,5.46206,31.036143,true,false
exchanger,9,3.197225,1063,9.703238,31.023432,true,false
probe,24,4.178054,10563,7.407822,30.950278,true,false
shaft,31,4.433987,16238,6.977858,30.939732,true,false
minor,321,6.771441,181256,4.565358,30.914051,true,false
sheeth,3,2.098612,6,14.727119,30.906512,true,false
etop,3,2.098612,6,14.727119,30.906512,true,false
drive,183,6.209486,120356,4.974811,30.891022,true,false
tail,65,5.174387,44725,5.964719,30.863764,true,false
lever,20,3.995732,7781,7.71346,30.820922,true,false
contamination,22,4.091042,9433,7.520953,30.76854,true,false
sign,164,6.099866,112634,5.041121,30.750165,true,false
kit,41,4.713572,25631,6.521432,30.73924,true,false
retainer,11,3.397895,2112,9.017165,30.639382,true,false
conector,3,2.098612,7,14.593587,30.626282,true,false
worn,46,4.828641,30834,6.336623,30.597281,true,false
tank,71,5.26268,52280,5.808641,30.569016,true,false
dilution,10,3.302585,1702,9.232882,30.492379,true,false
spot,127,5.844187,94525,5.216399,30.48561,true,false
cooking,36,4.583519,23921,6.590475,30.207567,true,false
boltholes,3,2.098612,9,14.370444,30.15799,true,false
excessive,37,4.610918,25285,6.535023,30.132453,true,false
isolator,5,2.609438,169,11.53723,30.105687,true,false
oxidation,17,3.833213,6857,7.839858,30.051847,true,false
bow,41,4.713572,29771,6.371705,30.033492,true,false
foto,8,3.079442,1044,9.721257,29.936042,true,false
segment,57,5.043051,46626,5.923094,29.870466,true,false
quick,58,5.060443,47795,5.898332,29.848171,true,false
curl,11,3.397895,2668,8.78357,29.84565,true,false
forward,208,6.337538,159234,4.694893,29.75406,true,false
fluorescent,13,3.564949,4171,8.336878,29.720548,true,false
bare,28,4.332205,18266,6.860177,29.719692,true,false
housing,153,6.030438,128172,4.911893,29.620864,true,false
insulator,8,3.079442,1170,9.607416,29.585475,true,false
flaking,6,2.791759,447,10.568236,29.503972,true,false
measurement,30,4.401197,21812,6.682767,29.412179,true,false
shutoff,5,2.609438,221,11.270352,29.409283,true,false
skin,58,5.060443,52301,5.808239,29.392262,true,false
removal,53,4.970292,47118,5.912597,29.387335,true,false
testing,67,5.204693,61987,5.638333,29.345789,true,false
cradle,16,3.772589,7361,7.768942,29.309023,true,false
electronic,98,5.584967,92983,5.232846,29.225276,true,false
unj,3,2.098612,15,13.90044,29.171635,true,false
servicable,3,2.098612,15,13.90044,29.171635,true,false
acoustical,8,3.079442,1418,9.415321,28.993931,true,false
cooler,17,3.833213,9043,7.563172,28.991252,true,false
width,43,4.7612,39682,6.084351,28.968811,true,false
glass,82,5.406719,82778,5.349099,28.921078,true,false
standard,242,6.488938,209320,4.421405,28.690219,true,false
chord,18,3.890372,10934,7.373305,28.684897,true,false
ice,129,5.859812,132863,4.875948,28.572138,true,false
unit,189,6.241747,179248,4.576498,28.565341,true,false
cap,42,4.73767,42687,6.011356,28.479818,true,false
isolation,26,4.258097,22029,6.672868,28.413718,true,false
differential,22,4.091042,16916,6.936955,28.379376,true,false
debris,22,4.091042,16927,6.936305,28.376716,true,false
procedure,38,4.637586,38364,6.118128,28.373346,true,false
receptacle,7,2.94591,1175,9.603155,28.290031,true,false
right,605,7.405228,381956,3.819966,28.287718,true,false
identification,39,4.663562,40581,6.061949,28.270273,true,false
bypass,22,4.091042,17434,6.906794,28.255987,true,false
clockposition,2,1.693147,0,16.673029,28.229892,false,false
anodisation,2,1.693147,0,16.673029,28.229892,false,false
abradible,2,1.693147,0,16.673029,28.229892,false,false
photofolder,2,1.693147,0,16.673029,28.229892,false,false
fuelmanifold,2,1.693147,0,16.673029,28.229892,false,false
strutpanel,2,1.693147,0,16.673029,28.229892,false,false
groundcable,2,1.693147,0,16.673029,28.229892,false,false
safetywire,2,1.693147,0,16.673029,28.229892,false,false
ingnition,2,1.693147,0,16.673029,28.229892,false,false
sterderduct,2,1.693147,0,16.673029,28.229892,false,false
exciterside,2,1.693147,0,16.673029,28.229892,false,false
fuelpackage,2,1.693147,0,16.673029,28.229892,false,false
elongatad,2,1.693147,0,16.673029,28.229892,false,false
partical,2,1.693147,0,16.673029,28.229892,false,false
burnmark,2,1.693147,0,16.673029,28.229892,false,false
devation,2,1.693147,0,16.673029,28.229892,false,false
fanduct,2,1.693147,0,16.673029,28.229892,false,false
hydrulic,2,1.693147,0,16.673029,28.229892,false,false
jobcard,2,1.693147,0,16.673029,28.229892,false,false
hanness,2,1.693147,0,16.673029,28.229892,false,false
eadge,2,1.693147,0,16.673029,28.229892,false,false
dirthy,2,1.693147,0,16.673029,28.229892,false,false
skydroll,2,1.693147,0,16.673029,28.229892,false,false
serverall,2,1.693147,0,16.673029,28.229892,false,false
imact,2,1.693147,0,16.673029,28.229892,false,false
unbondend,2,1.693147,0,16.673029,28.229892,false,false
tamplate,2,1.693147,0,16.673029,28.229892,false,false
leakeage,2,1.693147,0,16.673029,28.229892,false,false
thrusth,2,1.693147,0,16.673029,28.229892,false,false
trusth,2,1.693147,0,16.673029,28.229892,false,false
trustlink,2,1.693147,0,16.673029,28.229892,false,false
thrustmount,2,1.693147,0,16.673029,28.229892,false,false
leverarm,2,1.693147,0,16.673029,28.229892,false,false
pretwist,2,1.693147,0,16.673029,28.229892,false,false
matirial,2,1.693147,0,16.673029,28.229892,false,false
boostervane,2,1.693147,0,16.673029,28.229892,false,false
suspeeted,2,1.693147,0,16.673029,28.229892,false,false
axialcrack,2,1.693147,0,16.673029,28.229892,false,false
abradeble,2,1.693147,0,16.673029,28.229892,false,false
oilcoking,2,1.693147,0,16.673029,28.229892,false,false
fuelfilter,2,1.693147,0,16.673029,28.229892,false,false
oflimit,2,1.693147,0,16.673029,28.229892,false,false
thanone,2,1.693147,0,16.673029,28.229892,false,false
unnep,2,1.693147,0,16.673029,28.229892,false,false
connerctor,2,1.693147,0,16.673029,28.229892,false,false
flowt,2,1.693147,0,16.673029,28.229892,false,false
circumcential,2,1.693147,0,16.673029,28.229892,false,false
tiprub,2,1.693147,0,16.673029,28.229892,false,false
elecrical,2,1.693147,0,16.673029,28.229892,false,false
recepticle,2,1.693147,0,16.673029,28.229892,false,false
dimenson,2,1.693147,0,16.673029,28.229892,false,false
blendrepair,2,1.693147,0,16.673029,28.229892,false,false
withamm,2,1.693147,0,16.673029,28.229892,false,false
shielden,2,1.693147,0,16.673029,28.229892,false,false
retificatie,2,1.693147,0,16.673029,28.229892,false,false
bleedcontrole,2,1.693147,0,16.673029,28.229892,false,false
poor,144,5.969813,155283,4.720018,28.177626,true,false
solenoid,6,2.791759,732,10.075883,28.129442,true,false
spectacle,13,3.564949,6746,7.856176,28.006868,true,false
ball,73,5.290459,88064,5.287198,27.971709,true,false
dirt,22,4.091042,18702,6.83659,27.968779,true,false
sealant,5,2.609438,393,10.696678,27.912317,true,false
bad,95,5.553877,116476,5.00758,27.811482,true,false
dome,25,4.218876,24142,6.581279,27.765599,true,false
destructive,18,3.890372,13924,7.131588,27.744528,true,false
surface,107,5.672829,133005,4.874879,27.654356,true,false
silicone,7,2.94591,1536,9.335441,27.501371,true,false
readable,10,3.302585,4227,8.323545,27.489214,true,false
inch,34,4.526361,40556,6.062565,27.441356,true,false
carbon,32,4.465736,37527,6.140186,27.42045,true,false
interval,17,3.833213,13737,7.145108,27.388723,true,false
discoloration,6,2.791759,965,9.799865,27.358866,true,false
computer,101,5.615121,133712,4.869578,27.343267,true,false
terminal,40,4.688879,51688,5.820029,27.289413,true,false
connectors,8,3.079442,2487,8.853794,27.264742,true,false
screen,71,5.26268,98214,5.178115,27.25076,true,false
conduit,9,3.197225,3494,8.51394,27.220979,true,false
intersection,34,4.526361,42966,6.004841,27.180076,true,false
cycle,53,4.970292,73617,5.466384,27.169524,true,false
gasket,5,2.609438,530,10.398267,27.133632,true,false
note,103,5.634729,141795,4.810884,27.108029,true,false
platform,81,5.394449,114692,5.023015,27.096397,true,false
photo,52,4.951244,73225,5.471723,27.091834,true,false
nozzles,6,2.791759,1065,9.70136,27.083864,true,false
unison,9,3.197225,3656,8.46863,27.076114,true,false
bended,4,2.386294,206,11.34031,27.061318,true,false
errosion,2,1.693147,1,15.979882,27.056292,true,true
chaving,2,1.693147,1,15.979882,27.056292,true,true
revieuw,2,1.693147,1,15.979882,27.056292,true,true
rodend,2,1.693147,1,15.979882,27.056292,true,true
visiual,2,1.693147,1,15.979882,27.056292,true,true
coverd,2,1.693147,1,15.979882,27.056292,true,true
shealth,2,1.693147,1,15.979882,27.056292,true,true
lptacc,2,1.693147,1,15.979882,27.056292,true,true
damge,2,1.693147,1,15.979882,27.056292,true,true
posotion,2,1.693147,1,15.979882,27.056292,true,true
resistence,2,1.693147,1,15.979882,27.056292,true,true
clerance,2,1.693147,1,15.979882,27.056292,true,true
probaly,2,1.693147,1,15.979882,27.056292,true,true
corossion,2,1.693147,1,15.979882,27.056292,true,true
anti,137,5.919981,180508,4.569493,27.051311,true,false
lot,79,5.369448,113122,5.036798,27.044824,true,false
root,29,4.367296,37058,6.152762,26.870933,true,false
reference,103,5.634729,148214,4.76661,26.858554,true,false
wet,28,4.332205,36362,6.171722,26.737161,true,false
unreadable,5,2.609438,622,10.238482,26.716684,true,false
contact,64,5.158883,98160,5.178665,26.716125,true,false
interlock,5,2.609438,625,10.233679,26.704149,true,false
report,144,5.969813,198869,4.472622,26.70072,true,false
frame,43,4.7612,64458,5.599244,26.659122,true,false
satisfactory,12,3.484907,8292,7.649862,26.659054,true,false
axis,25,4.218876,32043,6.298164,26.57117,true,false
customer,23,4.135494,28240,6.424499,26.568478,true,false
system,651,7.47851,499928,3.550808,26.554748,true,false
looseness,4,2.386294,256,11.123953,26.545026,true,false
deposit,16,3.772589,16044,6.989876,26.369929,true,false
complition,2,1.693147,2,15.574417,26.36978,true,true
residu,2,1.693147,2,15.574417,26.36978,true,true
visable,2,1.693147,2,15.574417,26.36978,true,true
case,232,6.446737,296092,4.0746,26.267876,true,false
checklist,11,3.397895,7659,7.729262,26.263222,true,false
serial,29,4.367296,42778,6.009226,26.244069,true,false
anodizing,3,2.098612,67,12.453521,26.135113,true,false
max,47,4.850148,80198,5.380763,26.097493,true,false
specification,15,3.70805,15319,7.036114,26.090266,true,false
shim,6,2.791759,1574,9.311018,25.994124,true,false
revision,18,3.890372,22174,6.666308,25.934417,true,false
blad,4,2.386294,331,10.867894,25.933994,true,false
lead,294,6.68358,360101,3.878886,25.924846,true,false
tension,21,4.044522,28926,6.400498,25.886959,true,false
innerliner,2,1.693147,3,15.286735,25.882691,true,true
suface,2,1.693147,3,15.286735,25.882691,true,true
limiet,2,1.693147,3,15.286735,25.882691,true,true
spool,5,2.609438,858,9.91726,25.878474,true,false
wrong,32,4.465736,53614,5.783445,25.827337,true,false
assembly,114,5.736198,194746,4.493572,25.776023,true,false
test,72,5.276666,131950,4.882843,25.765132,true,false
completion,39,4.663562,71076,5.50151,25.65663,true,false
abnormal,11,3.397895,9162,7.5501,25.654449,true,false
door,44,4.78419,81811,5.36085,25.647321,true,false
corner,52,4.951244,98325,5.176985,25.632515,true,false
contr,3,2.098612,87,12.195692,25.594029,true,false
insitu,3,2.098612,87,12.195692,25.594029,true,false
transmitter,15,3.70805,17531,6.901246,25.590166,true,false
button,15,3.70805,17645,6.894764,25.566133,true,false
cool,26,4.258097,43060,6.002656,25.559888,true,false
exchang,2,1.693147,4,15.063591,25.504877,true,true
foundin,2,1.693147,4,15.063591,25.504877,true,true
evener,2,1.693147,4,15.063591,25.504877,true,true
sulphidation,2,1.693147,4,15.063591,25.504877,true,true
volatile,10,3.302585,7826,7.707694,25.455316,true,false
ceramic,12,3.484907,12205,7.263346,25.312083,true,false
chain,38,4.637586,74943,5.448532,25.268039,true,false
temperature,32,4.465736,61400,5.647847,25.221795,true,false
outher,2,1.693147,5,14.881269,25.196179,true,false
bumber,2,1.693147,5,14.881269,25.196179,true,false
thead,2,1.693147,5,14.881269,25.196179,true,false
disbonding,2,1.693147,5,14.881269,25.196179,true,false
fount,4,2.386294,453,10.554932,25.187174,true,false
play,373,6.921578,458615,3.63706,25.174198,true,false
spiral,13,3.564949,15317,7.036245,25.083857,true,false
anodized,4,2.386294,475,10.507611,25.074253,true,false
lpy,2,1.693147,6,14.727119,24.93518,true,false
oilsystem,2,1.693147,6,14.727119,24.93518,true,false
oxydation,2,1.693147,6,14.727119,24.93518,true,false
pop,63,5.143135,136661,4.847763,24.932698,true,false
vent,10,3.302585,9176,7.548573,24.929806,true,false
preservation,25,4.218876,48447,5.884783,24.827167,true,false
splatter,5,2.609438,1318,9.4884,24.75939,true,false
varnish,5,2.609438,1329,9.480095,24.737718,true,false
fadac,2,1.693147,7,14.593587,24.709091,true,false
benchwork,2,1.693147,7,14.593587,24.709091,true,false
open,253,6.533389,398087,3.778601,24.687069,true,false
lube,4,2.386294,568,10.329148,24.648389,true,false
glue,7,2.94591,4048,8.366804,24.647852,true,false
small,563,7.33328,606594,3.357412,24.620843,true,false
position,241,6.484797,395260,3.785727,24.549673,true,false
replace,39,4.663562,90463,5.260322,24.531834,true,false
switch,21,4.044522,40635,6.060619,24.512311,true,false
swirler,2,1.693147,8,14.475804,24.509667,true,false
inspectie,2,1.693147,8,14.475804,24.509667,true,false
rod,17,3.833213,29273,6.388574,24.488767,true,false
nicks,5,2.609438,1554,9.323798,24.329872,true,false
protection,53,4.970292,131670,4.884967,24.279713,true,false
task,32,4.465736,76225,5.431571,24.255962,true,false
pylon,5,2.609438,1645,9.266926,24.181467,true,false
spletter,2,1.693147,10,14.275134,24.169902,true,false
sfcm,2,1.693147,10,14.275134,24.169902,true,false
leading,171,6.141664,341412,3.932181,24.150131,true,false
sheet,18,3.890372,35296,6.201476,24.126046,true,false
polytetrafluoroethylene,3,2.098612,180,11.474532,24.080594,true,false
rapport,6,2.791759,3139,8.621051,24.0679,true,false
component,24,4.178054,54946,5.758905,24.061013,true,false
leak,9,3.197225,9439,7.520318,24.044144,true,false
detail,21,4.044522,46419,5.927543,23.974082,true,false
tooling,5,2.609438,1783,9.186416,23.971381,true,false
code,47,4.850148,125661,4.931678,23.919366,true,false
schield,2,1.693147,12,14.10808,23.887055,true,false
demper,2,1.693147,12,14.10808,23.887055,true,false
gereral,2,1.693147,12,14.10808,23.887055,true,false
cotter,5,2.609438,1857,9.145773,23.865327,true,false
delamination,3,2.098612,201,11.364761,23.850228,true,false
accordance,17,3.833213,34865,6.213761,23.818673,true,false
maximum,38,4.637586,102847,5.132021,23.800192,true,false
control,140,5.941642,318314,4.002232,23.779832,true,false
incoming,11,3.397895,16327,6.972392,23.691458,true,false
strud,2,1.693147,14,13.964979,23.644764,true,false
stud,8,3.079442,8226,7.657852,23.581908,true,false
flage,2,1.693147,15,13.90044,23.535491,true,false
jumper,9,3.197225,11082,7.359861,23.531129,true,false
wetting,4,2.386294,911,9.857389,23.522632,true,false
acoustic,20,3.995732,48353,5.886725,23.521776,true,false
table,56,5.025352,162448,4.67491,23.493064,true,false
strip,18,3.890372,41746,6.033646,23.473126,true,false
inventory,12,3.484907,20781,6.731186,23.457556,true,false
output,19,3.944439,45614,5.945037,23.449836,true,false
gearboxes,4,2.386294,947,9.818674,23.430247,true,false
dimension,12,3.484907,21084,6.716712,23.407113,true,false
hight,3,2.098612,249,11.151568,23.402818,true,false
disconnect,5,2.609438,2273,8.943733,23.338117,true,false
heavy,56,5.025352,167564,4.643902,23.337242,true,false
cover,69,5.234107,202841,4.452846,23.306672,true,false
broken,36,4.583519,108427,5.079187,23.280551,true,false
coupling,7,2.94591,6980,7.822081,23.043149,true,false
fire,78,5.356709,240510,4.282508,22.940147,true,false
inbound,5,2.609438,2650,8.790337,22.937838,true,false
flame,10,3.302585,16779,6.945086,22.936737,true,false
distortion,7,2.94591,7256,7.783307,22.928923,true,false
soft,20,3.995732,56211,5.736143,22.920093,true,false
handling,16,3.772589,40417,6.065998,22.884517,true,false
metallic,9,3.197225,13570,7.157338,22.883618,true,false
trimpin,2,1.693147,23,13.494975,22.848979,true,false
harne,2,1.693147,23,13.494975,22.848979,true,false
installation,16,3.772589,41829,6.03166,22.754972,true,false
cranking,3,2.098612,354,10.800911,22.666925,true,false
bellcrank,2,1.693147,26,13.377192,22.649555,true,false
linner,2,1.693147,27,13.340824,22.587979,true,false
eroded,7,2.94591,8237,7.656516,22.555408,true,false
electrician,5,2.609438,3074,8.641969,22.550681,true,false
insert,7,2.94591,8450,7.630989,22.480207,true,false
high,683,7.526495,890345,2.973663,22.381263,true,false
line,195,6.273,494257,3.562216,22.345779,true,false
curle,3,2.098612,425,10.61859,22.284303,true,false
residue,6,2.791759,5953,7.98121,22.28162,true,false
warning,15,3.70805,43027,6.003423,22.260992,true,false
foo,5,2.609438,3496,8.513368,22.215106,true,false
attachment,8,3.079442,12892,7.208589,22.198429,true,false
fitting,9,3.197225,16840,6.941457,22.193398,true,false
electr,2,1.693147,36,13.062111,22.116076,true,false
unna,3,2.098612,462,10.535302,22.109514,true,false
tag,10,3.302585,21611,6.692025,22.100982,true,false
service,206,6.327876,530345,3.491744,22.095324,true,false
stuck,10,3.302585,21882,6.679564,22.059827,true,false
chamber,24,4.178054,89128,5.275189,22.040023,true,false
environmental,26,4.258097,98715,5.173027,22.027247,true,false
partial,17,3.833213,55691,5.745437,22.023486,true,false
tape,12,3.484907,31501,6.315223,22.007961,true,false
backup,10,3.302585,22491,6.652114,21.969172,true,false
digital,38,4.637586,152951,4.735149,21.959664,true,false
level,127,5.844187,407055,3.756323,21.952653,true,false
braiding,3,2.098612,501,10.454429,21.939793,true,false
blanket,6,2.791759,6779,7.851297,21.918931,true,false
spherical,7,2.94591,10298,7.433227,21.897618,true,false
bench,13,3.564949,37451,6.142214,21.89668,true,false
air,89,5.488636,322949,3.987776,21.887453,true,false
dovetail,3,2.098612,517,10.423054,21.873948,true,false
birdstrike,2,1.693147,42,12.911829,21.861626,true,false
mark,63,5.143135,248761,4.248777,21.852033,true,false
authority,37,4.610918,152583,4.737558,21.844493,true,false
value,30,4.401197,123523,4.948838,21.780814,true,false
left,257,6.549076,628511,3.321918,21.755497,true,false
measured,13,3.564949,39751,6.082613,21.684209,true,false
concentricity,2,1.693147,47,12.801828,21.675379,true,false
par,9,3.197225,20149,6.762069,21.619854,true,false
deep,33,4.496508,144037,4.795196,21.561637,true,false
sight,12,3.484907,36225,6.175497,21.521029,true,false
disk,8,3.079442,16220,6.978967,21.491321,true,false
area,352,6.863631,765685,3.124501,21.445426,true,false
dampeners,2,1.693147,55,12.647677,21.414379,true,false
radius,8,3.079442,16686,6.950644,21.404101,true,false
titanium,5,2.609438,4853,8.185471,21.359477,true,false
arm,18,3.890372,72221,5.485529,21.340747,true,false
unpreserved,2,1.693147,60,12.562155,21.269577,true,false
boxen,2,1.693147,60,12.562155,21.269577,true,false
heat,17,3.833213,68583,5.537214,21.225324,true,false
boss,12,3.484907,39837,6.080452,21.189809,true,false
lip,7,2.94591,13211,7.184148,21.163855,true,false
plastic,11,3.397895,34440,6.226026,21.155384,true,false
buckle,4,2.386294,2547,8.829965,21.070895,true,false
transmission,12,3.484907,41249,6.045623,21.06843,true,false
hang,8,3.079442,18846,6.82892,21.02926,true,false
inspect,5,2.609438,5652,8.033087,20.961842,true,false
missing,72,5.276666,329666,3.967191,20.93354,true,false
correct,13,3.564949,49612,5.861021,20.894242,true,false
burr,5,2.609438,5956,7.980707,20.825158,true,false
resonance,6,2.791759,10081,7.454522,20.811232,true,false
additional,55,5.007333,272914,4.156113,20.811044,true,false
bypassed,5,2.609438,6117,7.954038,20.755569,true,false
software,18,3.890372,83965,5.334862,20.754595,true,false
parent,13,3.564949,52546,5.803566,20.689417,true,false
mising,2,1.693147,86,12.207121,20.668452,true,false
hangar,5,2.609438,6327,7.920289,20.667503,true,false
disassembly,3,2.098612,923,9.844317,20.659404,true,false
corrective,4,2.386294,3050,8.649804,20.640979,true,false
quantity,8,3.079442,21395,6.70207,20.638632,true,false
overhaul,6,2.791759,11058,7.362029,20.553014,true,false
airworthiness,3,2.098612,986,9.778359,20.520984,true,false
seating,8,3.079442,22420,6.655276,20.494532,true,false
dusty,5,2.609438,6811,7.846588,20.475184,true,false
protective,8,3.079442,22971,6.630998,20.419769,true,false
weld,4,2.386294,3373,8.549175,20.400847,true,false
electric,22,4.091042,120610,4.972703,20.34354,true,false
protrusion,3,2.098612,1080,9.687387,20.33007,true,false
general,200,6.298317,693029,3.2242,20.307037,true,false
trim,6,2.791759,12317,7.254212,20.252015,true,false
tru,3,2.098612,1169,9.60827,20.164033,true,false
losse,2,1.693147,118,11.893905,20.138132,true,false
available,52,4.951244,302405,4.053503,20.069882,true,false
unscheduled,3,2.098612,1226,9.560701,20.064206,true,false
safety,20,3.995732,116493,5.007434,20.008365,true,false
send,13,3.564949,63700,5.611073,20.003192,true,false
axle,5,2.609438,8186,7.662726,19.995408,true,false
paly,2,1.693147,130,11.797832,19.975465,true,false
mounts,5,2.609438,8257,7.654091,19.972876,true,false
reason,21,4.044522,125026,4.936744,19.966771,true,false
quad,5,2.609438,8357,7.642054,19.941467,true,false
smal,2,1.693147,133,11.775189,19.937128,true,false
bird,14,3.639057,73533,5.467526,19.89664,true,false
substitute,11,3.397895,50096,5.851312,19.882147,true,false
boeing,6,2.791759,14125,7.117257,19.869668,true,false
loosen,3,2.098612,1357,9.459261,19.851321,true,false
app,7,2.94591,21014,6.720037,19.796626,true,false
hanger,3,2.098612,1395,9.431663,19.793403,true,false
missin,2,1.693147,147,11.675817,19.768876,true,false
incorrect,6,2.791759,14703,7.077154,19.757712,true,false
noticed,8,3.079442,28726,6.407436,19.731325,true,false
bag,7,2.94591,21679,6.688883,19.70485,true,false
significant,38,4.637586,248928,4.248106,19.700957,true,false
pollution,7,2.94591,22571,6.648563,19.58607,true,false
bent,6,2.791759,15759,7.007799,19.564088,true,false
flake,3,2.098612,1584,9.304689,19.526935,true,false
bld,2,1.693147,172,11.519737,19.504611,true,false
movement,33,4.496508,229086,4.331172,19.475147,true,false
possible,35,4.555348,243401,4.270559,19.453884,true,false
pilot,14,3.639057,83235,5.343594,19.445644,true,false
pre,30,4.401197,210104,4.417666,19.443021,true,false
sing,10,3.302585,48554,5.882576,19.427709,true,false
flush,4,2.386294,5329,8.091922,19.309709,true,false
cord,5,2.609438,10708,7.394189,19.294677,true,false
extern,2,1.693147,198,11.379724,19.267548,true,false
elongation,3,2.098612,1810,9.171394,19.247201,true,false
element,11,3.397895,60463,5.663225,19.243047,true,false
diameter,10,3.302585,51484,5.823983,19.2342,true,false
pigtail,2,1.693147,202,11.359823,19.233852,true,false
doubler,2,1.693147,203,11.354909,19.225532,true,false
package,8,3.079442,33989,6.239207,19.213274,true,false
mismatch,3,2.098612,1893,9.126583,19.153158,true,false
upto,2,1.693147,214,11.302391,19.136611,true,false
booth,6,2.791759,18469,6.849126,19.121112,true,false
witch,6,2.791759,18742,6.834453,19.08015,true,false
bonding,4,2.386294,6161,7.946872,18.963576,true,false
brading,2,1.693147,241,11.184091,18.936312,true,false
allowable,3,2.098612,2103,9.021433,18.932491,true,false
light,36,4.583519,280039,4.130341,18.931497,true,false
thickness,5,2.609438,12457,7.242911,18.899926,true,false
locking,4,2.386294,6343,7.917764,18.894116,true,false
reducer,2,1.693147,250,11.147576,18.874487,true,false
unknown,22,4.091042,174038,4.605994,18.843318,true,false
connection,15,3.70805,108327,5.08011,18.837303,true,false
blades,5,2.609438,12796,7.216063,18.829868,true,false
tightening,3,2.098612,2220,8.967316,18.81892,true,false
normal,14,3.639057,101828,5.141979,18.711955,true,false
critical,25,4.218876,208803,4.423878,18.66379,true,false
fretting,2,1.693147,285,11.017037,18.653465,true,false
dispensation,3,2.098612,2410,8.885232,18.646657,true,false
deflection,3,2.098612,2485,8.854599,18.582369,true,false
internal,14,3.639057,105789,5.103818,18.573085,true,false
shielding,3,2.098612,2517,8.841809,18.555528,true,false
plugs,3,2.098612,2623,8.800574,18.468992,true,false
location,29,4.367296,255094,4.223638,18.445875,true,false
toque,2,1.693147,323,10.892285,18.442242,true,false
carryover,2,1.693147,328,10.876971,18.416313,true,false
dust,6,2.791759,23949,6.589305,18.395755,true,false
regulation,8,3.079442,45207,5.954,18.334994,true,false
cavity,4,2.386294,8021,7.683086,18.334104,true,false
chanel,3,2.098612,2813,8.730667,18.322284,true,false
elastomer,2,1.693147,351,10.809398,18.301901,true,false
hook,6,2.791759,24912,6.549884,18.2857,true,false
replacement,11,3.397895,80322,5.379218,18.278018,true,false
port,16,3.772589,139793,4.825104,18.203132,true,false
point,50,4.912023,429834,3.701872,18.183681,true,false
gas,11,3.397895,82834,5.348423,18.173381,true,false
craze,3,2.098612,3033,8.655392,18.164311,true,false
part,352,6.863631,1245078,2.638319,18.108451,true,false
hydro,4,2.386294,8851,7.58463,18.09916,true,false
tubing,3,2.098612,3186,8.606194,18.061064,true,false
grooving,2,1.693147,412,10.649581,18.031309,true,false
barrel,5,2.609438,17541,6.900676,18.006885,true,false
configuration,6,2.791759,27808,6.439914,17.978691,true,false
request,11,3.397895,87770,5.290542,17.976709,true,false
correction,4,2.386294,9418,7.522545,17.951006,true,false
criterion,4,2.386294,9956,7.466998,17.818455,true,false
advise,4,2.386294,10000,7.462589,17.807933,true,false
mat,4,2.386294,10138,7.448884,17.77523,true,false
visit,13,3.564949,121366,4.966455,17.705159,true,false
text,15,3.70805,147318,4.772673,17.697312,true,false
typical,11,3.397895,96214,5.198688,17.664599,true,false
xxx,3,2.098612,3858,8.414866,17.65954,true,false
center,47,4.850148,460954,3.631973,17.615606,true,false
failure,11,3.397895,97658,5.183792,17.613982,true,false
baffle,2,1.693147,553,10.355864,17.534002,true,false
rating,9,3.197225,72460,5.482225,17.527905,true,false
command,14,3.639057,141034,4.816266,17.526666,true,false
fillet,2,1.693147,617,10.24654,17.348901,true,false
detection,5,2.609438,22756,6.640401,17.327714,true,false
recommend,4,2.386294,12383,7.248868,17.297934,true,false
delivery,7,2.94591,49298,5.86737,17.284744,true,false
frond,2,1.693147,647,10.199138,17.268642,true,false
ground,21,4.044522,246287,4.258772,17.224699,true,false
marking,6,2.791759,36479,6.168509,17.220995,true,false
memory,10,3.302585,95018,5.211197,17.210421,true,false
pass,12,3.484907,125785,4.930692,17.183,true,false
present,41,4.713572,455416,3.64406,17.17654,true,false
impossible,7,2.94591,51294,5.82768,17.167823,true,false
trough,3,2.098612,4911,8.173592,17.153202,true,false
leaking,3,2.098612,5013,8.15304,17.110069,true,false
clogging,2,1.693147,722,10.08962,17.083211,true,false
large,53,4.970292,560332,3.436742,17.081613,true,false
integrated,8,3.079442,68278,5.541671,17.065253,true,false
department,36,4.583519,425948,3.710954,17.009228,true,false
adjustable,3,2.098612,5392,8.080172,16.957148,true,false
red,28,4.332205,347661,3.914043,16.956434,true,false
busing,2,1.693147,779,10.013735,16.954727,true,false
mis,3,2.098612,5518,8.057077,16.908681,true,false
trust,10,3.302585,104633,5.114805,16.892079,true,false
dampen,2,1.693147,822,9.960073,16.863869,true,false
horizontal,5,2.609438,27255,6.46,16.856969,true,false
extension,9,3.197225,89549,5.270476,16.850897,true,false
pit,5,2.609438,27363,6.456045,16.846649,true,false
doesn,7,2.94591,57349,5.716101,16.839119,true,false
scallop,2,1.693147,835,9.9444,16.837333,true,false
rib,3,2.098612,5718,8.02148,16.833976,true,false
heli,2,1.693147,847,9.930148,16.813203,true,false
slight,5,2.609438,27794,6.440417,16.80587,true,false
multiple,17,3.833213,217262,4.384165,16.80544,true,false
structural,6,2.791759,43170,6.000105,16.750849,true,false
equipment,11,3.397895,126644,4.923886,16.730848,true,false
perform,10,3.302585,109946,5.065275,16.728502,true,false
damaged,8,3.079442,76473,5.428323,16.716203,true,false
review,19,3.944439,251729,4.236917,16.712259,true,false
minimum,7,2.94591,59928,5.672113,16.709536,true,false
unknowed,1,1.0,0,16.673029,16.673029,false,false
leadingo,1,1.0,0,16.673029,16.673029,false,false
sealfrom,1,1.0,0,16.673029,16.673029,false,false
nosegill,1,1.0,0,16.673029,16.673029,false,false
strust,1,1.0,0,16.673029,16.673029,false,false
sealwire,1,1.0,0,16.673029,16.673029,false,false
cocing,1,1.0,0,16.673029,16.673029,false,false
mispositionering,1,1.0,0,16.673029,16.673029,false,false
isulation,1,1.0,0,16.673029,16.673029,false,false
fuelnozzle,1,1.0,0,16.673029,16.673029,false,false
fwdseal,1,1.0,0,16.673029,16.673029,false,false
tupical,1,1.0,0,16.673029,16.673029,false,false
delution,1,1.0,0,16.673029,16.673029,false,false
faninlet,1,1.0,0,16.673029,16.673029,false,false
piesce,1,1.0,0,16.673029,16.673029,false,false
severanl,1,1.0,0,16.673029,16.673029,false,false
fffh,1,1.0,0,16.673029,16.673029,false,false
unjf,1,1.0,0,16.673029,16.673029,false,false
hyudraulic,1,1.0,0,16.673029,16.673029,false,false
clockmissing,1,1.0,0,16.673029,16.673029,false,false
altinator,1,1.0,0,16.673029,16.673029,false,false
damperner,1,1.0,0,16.673029,16.673029,false,false
bearring,1,1.0,0,16.673029,16.673029,false,false
vlve,1,1.0,0,16.673029,16.673029,false,false
becw,1,1.0,0,16.673029,16.673029,false,false
samenozzle,1,1.0,0,16.673029,16.673029,false,false
ignitiom,1,1.0,0,16.673029,16.673029,false,false
nodeviation,1,1.0,0,16.673029,16.673029,false,false
leakge,1,1.0,0,16.673029,16.673029,false,false
sumpflow,1,1.0,0,16.673029,16.673029,false,false
lockhole,1,1.0,0,16.673029,16.673029,false,false
agbdampener,1,1.0,0,16.673029,16.673029,false,false
unjml,1,1.0,0,16.673029,16.673029,false,false
unkd,1,1.0,0,16.673029,16.673029,false,false
pmeumatic,1,1.0,0,16.673029,16.673029,false,false
startervalve,1,1.0,0,16.673029,16.673029,false,false
hoseclamp,1,1.0,0,16.673029,16.673029,false,false
multicrack,1,1.0,0,16.673029,16.673029,false,false
igniterside,1,1.0,0,16.673029,16.673029,false,false
sideto,1,1.0,0,16.673029,16.673029,false,false
birdgace,1,1.0,0,16.673029,16.673029,false,false
blendabel,1,1.0,0,16.673029,16.673029,false,false
piciture,1,1.0,0,16.673029,16.673029,false,false
bolthol,1,1.0,0,16.673029,16.673029,false,false
turnbuckel,1,1.0,0,16.673029,16.673029,false,false
picie,1,1.0,0,16.673029,16.673029,false,false
sulfiric,1,1.0,0,16.673029,16.673029,false,false
damagec,1,1.0,0,16.673029,16.673029,false,false
abradabe,1,1.0,0,16.673029,16.673029,false,false
clearnace,1,1.0,0,16.673029,16.673029,false,false
inspecton,1,1.0,0,16.673029,16.673029,false,false
sevral,1,1.0,0,16.673029,16.673029,false,false
fanpanel,1,1.0,0,16.673029,16.673029,false,false
saftywire,1,1.0,0,16.673029,16.673029,false,false
hydrualic,1,1.0,0,16.673029,16.673029,false,false
trfx,1,1.0,0,16.673029,16.673029,false,false
igniyion,1,1.0,0,16.673029,16.673029,false,false
fingding,1,1.0,0,16.673029,16.673029,false,false
errossion,1,1.0,0,16.673029,16.673029,false,false
bladeshave,1,1.0,0,16.673029,16.673029,false,false
contaimentcase,1,1.0,0,16.673029,16.673029,false,false
inletcowl,1,1.0,0,16.673029,16.673029,false,false
bushinhs,1,1.0,0,16.673029,16.673029,false,false
goutching,1,1.0,0,16.673029,16.673029,false,false
unbomded,1,1.0,0,16.673029,16.673029,false,false
scroud,1,1.0,0,16.673029,16.673029,false,false
straterduct,1,1.0,0,16.673029,16.673029,false,false
oilcover,1,1.0,0,16.673029,16.673029,false,false
completionkit,1,1.0,0,16.673029,16.673029,false,false
heatewr,1,1.0,0,16.673029,16.673029,false,false
boltset,1,1.0,0,16.673029,16.673029,false,false
unservceable,1,1.0,0,16.673029,16.673029,false,false
fanframe,1,1.0,0,16.673029,16.673029,false,false
fuelhose,1,1.0,0,16.673029,16.673029,false,false
idgoil,1,1.0,0,16.673029,16.673029,false,false
transpoert,1,1.0,0,16.673029,16.673029,false,false
strutpanels,1,1.0,0,16.673029,16.673029,false,false
preumatic,1,1.0,0,16.673029,16.673029,false,false
enigine,1,1.0,0,16.673029,16.673029,false,false
indification,1,1.0,0,16.673029,16.673029,false,false
partnummer,1,1.0,0,16.673029,16.673029,false,false
identifaction,1,1.0,0,16.673029,16.673029,false,false
addittional,1,1.0,0,16.673029,16.673029,false,false
highlock,1,1.0,0,16.673029,16.673029,false,false
anckor,1,1.0,0,16.673029,16.673029,false,false
douwnload,1,1.0,0,16.673029,16.673029,false,false
clockpos,1,1.0,0,16.673029,16.673029,false,false
coveringapprox,1,1.0,0,16.673029,16.673029,false,false
unnef,1,1.0,0,16.673029,16.673029,false,false
noticedold,1,1.0,0,16.673029,16.673029,false,false
fanblad,1,1.0,0,16.673029,16.673029,false,false
sealnot,1,1.0,0,16.673029,16.673029,false,false
startre,1,1.0,0,16.673029,16.673029,false,false
hudr,1,1.0,0,16.673029,16.673029,false,false
valvelock,1,1.0,0,16.673029,16.673029,false,false
exiterbox,1,1.0,0,16.673029,16.673029,false,false
fancable,1,1.0,0,16.673029,16.673029,false,false
benchcheck,1,1.0,0,16.673029,16.673029,false,false
ajustable,1,1.0,0,16.673029,16.673029,false,false
oilsensor,1,1.0,0,16.673029,16.673029,false,false
surfaceprotection,1,1.0,0,16.673029,16.673029,false,false
allowedto,1,1.0,0,16.673029,16.673029,false,false
limtit,1,1.0,0,16.673029,16.673029,false,false
blackanti,1,1.0,0,16.673029,16.673029,false,false
coatin,1,1.0,0,16.673029,16.673029,false,false
coatingparent,1,1.0,0,16.673029,16.673029,false,false
bearingmovement,1,1.0,0,16.673029,16.673029,false,false
surafce,1,1.0,0,16.673029,16.673029,false,false
beensent,1,1.0,0,16.673029,16.673029,false,false
severalminor,1,1.0,0,16.673029,16.673029,false,false
scrachte,1,1.0,0,16.673029,16.673029,false,false
anodazlyon,1,1.0,0,16.673029,16.673029,false,false
repairablelimit,1,1.0,0,16.673029,16.673029,false,false
releasecert,1,1.0,0,16.673029,16.673029,false,false
tubeservo,1,1.0,0,16.673029,16.673029,false,false
signsof,1,1.0,0,16.673029,16.673029,false,false
lekkage,1,1.0,0,16.673029,16.673029,false,false
crancking,1,1.0,0,16.673029,16.673029,false,false
draintube,1,1.0,0,16.673029,16.673029,false,false
heatexhanger,1,1.0,0,16.673029,16.673029,false,false
ecentricity,1,1.0,0,16.673029,16.673029,false,false
rubberis,1,1.0,0,16.673029,16.673029,false,false
exentricitie,1,1.0,0,16.673029,16.673029,false,false
exentric,1,1.0,0,16.673029,16.673029,false,false
dampenere,1,1.0,0,16.673029,16.673029,false,false
assymount,1,1.0,0,16.673029,16.673029,false,false
findinglpc,1,1.0,0,16.673029,16.673029,false,false
danpener,1,1.0,0,16.673029,16.673029,false,false
excenticity,1,1.0,0,16.673029,16.673029,false,false
rubberdampener,1,1.0,0,16.673029,16.673029,false,false
laekage,1,1.0,0,16.673029,16.673029,false,false
fuelheater,1,1.0,0,16.673029,16.673029,false,false
oilcooler,1,1.0,0,16.673029,16.673029,false,false
heatexchanger,1,1.0,0,16.673029,16.673029,false,false
drainline,1,1.0,0,16.673029,16.673029,false,false
fueldiff,1,1.0,0,16.673029,16.673029,false,false
trhust,1,1.0,0,16.673029,16.673029,false,false
wornball,1,1.0,0,16.673029,16.673029,false,false
insultation,1,1.0,0,16.673029,16.673029,false,false
centervent,1,1.0,0,16.673029,16.673029,false,false
placesmissing,1,1.0,0,16.673029,16.673029,false,false
wearspot,1,1.0,0,16.673029,16.673029,false,false
emoval,1,1.0,0,16.673029,16.673029,false,false
posistion,1,1.0,0,16.673029,16.673029,false,false
enviromentel,1,1.0,0,16.673029,16.673029,false,false
envouremental,1,1.0,0,16.673029,16.673029,false,false
innersurface,1,1.0,0,16.673029,16.673029,false,false
vlave,1,1.0,0,16.673029,16.673029,false,false
dificult,1,1.0,0,16.673029,16.673029,false,false
areab,1,1.0,0,16.673029,16.673029,false,false
missingabradable,1,1.0,0,16.673029,16.673029,false,false
inpackt,1,1.0,0,16.673029,16.673029,false,false
stotor,1,1.0,0,16.673029,16.673029,false,false
bladest,1,1.0,0,16.673029,16.673029,false,false
blenable,1,1.0,0,16.673029,16.673029,false,false
diformation,1,1.0,0,16.673029,16.673029,false,false
diletion,1,1.0,0,16.673029,16.673029,false,false
inamm,1,1.0,0,16.673029,16.673029,false,false
nozzlevane,1,1.0,0,16.673029,16.673029,false,false
andradial,1,1.0,0,16.673029,16.673029,false,false
crackfrom,1,1.0,0,16.673029,16.673029,false,false
limitacc,1,1.0,0,16.673029,16.673029,false,false
xcrack,1,1.0,0,16.673029,16.673029,false,false
sulpidation,1,1.0,0,16.673029,16.673029,false,false
cancave,1,1.0,0,16.673029,16.673029,false,false
concaveside,1,1.0,0,16.673029,16.673029,false,false
pertruding,1,1.0,0,16.673029,16.673029,false,false
lessthen,1,1.0,0,16.673029,16.673029,false,false
connctor,1,1.0,0,16.673029,16.673029,false,false
iceduct,1,1.0,0,16.673029,16.673029,false,false
bushinghave,1,1.0,0,16.673029,16.673029,false,false
abradableseal,1,1.0,0,16.673029,16.673029,false,false
aplicable,1,1.0,0,16.673029,16.673029,false,false
abradabel,1,1.0,0,16.673029,16.673029,false,false
gemetem,1,1.0,0,16.673029,16.673029,false,false
oilpump,1,1.0,0,16.673029,16.673029,false,false
scavence,1,1.0,0,16.673029,16.673029,false,false
savenge,1,1.0,0,16.673029,16.673029,false,false
chipdetector,1,1.0,0,16.673029,16.673029,false,false
detecor,1,1.0,0,16.673029,16.673029,false,false
cheack,1,1.0,0,16.673029,16.673029,false,false
oilsupply,1,1.0,0,16.673029,16.673029,false,false
oiltube,1,1.0,0,16.673029,16.673029,false,false
servicability,1,1.0,0,16.673029,16.673029,false,false
oilm,1,1.0,0,16.673029,16.673029,false,false
snapring,1,1.0,0,16.673029,16.673029,false,false
torqe,1,1.0,0,16.673029,16.673029,false,false
manifol,1,1.0,0,16.673029,16.673029,false,false
fuelpump,1,1.0,0,16.673029,16.673029,false,false
housimg,1,1.0,0,16.673029,16.673029,false,false
concavesurface,1,1.0,0,16.673029,16.673029,false,false
noresm,1,1.0,0,16.673029,16.673029,false,false
bladeswith,1,1.0,0,16.673029,16.673029,false,false
itemg,1,1.0,0,16.673029,16.673029,false,false
foundseveral,1,1.0,0,16.673029,16.673029,false,false
nozzleste,1,1.0,0,16.673029,16.673029,false,false
chapther,1,1.0,0,16.673029,16.673029,false,false
dampners,1,1.0,0,16.673029,16.673029,false,false
fromengine,1,1.0,0,16.673029,16.673029,false,false
lokwire,1,1.0,0,16.673029,16.673029,false,false
ignitionsystem,1,1.0,0,16.673029,16.673029,false,false
insideconnector,1,1.0,0,16.673029,16.673029,false,false
leadf,1,1.0,0,16.673029,16.673029,false,false
unjtc,1,1.0,0,16.673029,16.673029,false,false
unjk,1,1.0,0,16.673029,16.673029,false,false
connectorpin,1,1.0,0,16.673029,16.673029,false,false
contactpin,1,1.0,0,16.673029,16.673029,false,false
bconnector,1,1.0,0,16.673029,16.673029,false,false
sparkside,1,1.0,0,16.673029,16.673029,false,false
damagedo,1,1.0,0,16.673029,16.673029,false,false
connectorrubber,1,1.0,0,16.673029,16.673029,false,false
ignigion,1,1.0,0,16.673029,16.673029,false,false
s,1,1.0,0,16.673029,16.673029,false,false
unjj,1,1.0,0,16.673029,16.673029,false,false
ingition,1,1.0,0,16.673029,16.673029,false,false
tipworn,1,1.0,0,16.673029,16.673029,false,false
ignieter,1,1.0,0,16.673029,16.673029,false,false
initer,1,1.0,0,16.673029,16.673029,false,false
nosignificant,1,1.0,0,16.673029,16.673029,false,false
balbearing,1,1.0,0,16.673029,16.673029,false,false
summp,1,1.0,0,16.673029,16.673029,false,false
bypasst,1,1.0,0,16.673029,16.673029,false,false
thelimit,1,1.0,0,16.673029,16.673029,false,false
referencedata,1,1.0,0,16.673029,16.673029,false,false
thisengine,1,1.0,0,16.673029,16.673029,false,false
repairedbut,1,1.0,0,16.673029,16.673029,false,false
defectsare,1,1.0,0,16.673029,16.673029,false,false
vieuw,1,1.0,0,16.673029,16.673029,false,false
findeings,1,1.0,0,16.673029,16.673029,false,false
inspecttion,1,1.0,0,16.673029,16.673029,false,false
borescopeinspection,1,1.0,0,16.673029,16.673029,false,false
brescope,1,1.0,0,16.673029,16.673029,false,false
leadinng,1,1.0,0,16.673029,16.673029,false,false
gretast,1,1.0,0,16.673029,16.673029,false,false
birdremain,1,1.0,0,16.673029,16.673029,false,false
adilution,1,1.0,0,16.673029,16.673029,false,false
cicumferential,1,1.0,0,16.673029,16.673029,false,false
deflectorplate,1,1.0,0,16.673029,16.673029,false,false
complaind,1,1.0,0,16.673029,16.673029,false,false
gaspath,1,1.0,0,16.673029,16.673029,false,false
coremodule,1,1.0,0,16.673029,16.673029,false,false
harnees,1,1.0,0,16.673029,16.673029,false,false
adjencent,1,1.0,0,16.673029,16.673029,false,false
crackat,1,1.0,0,16.673029,16.673029,false,false
servicelimit,1,1.0,0,16.673029,16.673029,false,false
cyclesacc,1,1.0,0,16.673029,16.673029,false,false
possibel,1,1.0,0,16.673029,16.673029,false,false
linkbearing,1,1.0,0,16.673029,16.673029,false,false
coatingpitting,1,1.0,0,16.673029,16.673029,false,false
serviceablecondition,1,1.0,0,16.673029,16.673029,false,false
satisfactionay,1,1.0,0,16.673029,16.673029,false,false
dimenional,1,1.0,0,16.673029,16.673029,false,false
dimentionl,1,1.0,0,16.673029,16.673029,false,false
chafedarea,1,1.0,0,16.673029,16.673029,false,false
dispensatie,1,1.0,0,16.673029,16.673029,false,false
worksope,1,1.0,0,16.673029,16.673029,false,false
beyondlimits,1,1.0,0,16.673029,16.673029,false,false
bootseal,1,1.0,0,16.673029,16.673029,false,false
inspetion,1,1.0,0,16.673029,16.673029,false,false
electrtical,1,1.0,0,16.673029,16.673029,false,false
limithpc,1,1.0,0,16.673029,16.673029,false,false
polution,1,1.0,0,16.673029,16.673029,false,false
indenification,1,1.0,0,16.673029,16.673029,false,false
prjct,1,1.0,0,16.673029,16.673029,false,false
projectnr,1,1.0,0,16.673029,16.673029,false,false
unjg,1,1.0,0,16.673029,16.673029,false,false
exhasut,1,1.0,0,16.673029,16.673029,false,false
limitoil,1,1.0,0,16.673029,16.673029,false,false
trimbalance,1,1.0,0,16.673029,16.673029,false,false
andlower,1,1.0,0,16.673029,16.673029,false,false
fanmodule,1,1.0,0,16.673029,16.673029,false,false
overhoal,1,1.0,0,16.673029,16.673029,false,false
filterhousing,1,1.0,0,16.673029,16.673029,false,false
ancornut,1,1.0,0,16.673029,16.673029,false,false
schourd,1,1.0,0,16.673029,16.673029,false,false
toreplace,1,1.0,0,16.673029,16.673029,false,false
inginition,1,1.0,0,16.673029,16.673029,false,false
sidefan,1,1.0,0,16.673029,16.673029,false,false
fueltube,1,1.0,0,16.673029,16.673029,false,false
maount,1,1.0,0,16.673029,16.673029,false,false
mountbearing,1,1.0,0,16.673029,16.673029,false,false
tubecavity,1,1.0,0,16.673029,16.673029,false,false
atexciter,1,1.0,0,16.673029,16.673029,false,false
bootom,1,1.0,0,16.673029,16.673029,false,false
inspecction,1,1.0,0,16.673029,16.673029,false,false
inspexction,1,1.0,0,16.673029,16.673029,false,false
harnee,1,1.0,0,16.673029,16.673029,false,false
cunsult,1,1.0,0,16.673029,16.673029,false,false
drainetube,1,1.0,0,16.673029,16.673029,false,false
areless,1,1.0,0,16.673029,16.673029,false,false
xmissing,1,1.0,0,16.673029,16.673029,false,false
tipcrack,1,1.0,0,16.673029,16.673029,false,false
nzzl,1,1.0,0,16.673029,16.673029,false,false
hysdraulic,1,1.0,0,16.673029,16.673029,false,false
icnition,1,1.0,0,16.673029,16.673029,false,false
antiice,1,1.0,0,16.673029,16.673029,false,false
pressswitch,1,1.0,0,16.673029,16.673029,false,false
antieice,1,1.0,0,16.673029,16.673029,false,false
precoolervalve,1,1.0,0,16.673029,16.673029,false,false
frontbrake,1,1.0,0,16.673029,16.673029,false,false
igition,1,1.0,0,16.673029,16.673029,false,false
distoration,1,1.0,0,16.673029,16.673029,false,false
idication,1,1.0,0,16.673029,16.673029,false,false
sustem,1,1.0,0,16.673029,16.673029,false,false
insoection,1,1.0,0,16.673029,16.673029,false,false
ispection,1,1.0,0,16.673029,16.673029,false,false
systeminsp,1,1.0,0,16.673029,16.673029,false,false
ignitionlead,1,1.0,0,16.673029,16.673029,false,false
lenghti,1,1.0,0,16.673029,16.673029,false,false
geerodeerde,1,1.0,0,16.673029,16.673029,false,false
incomming,1,1.0,0,16.673029,16.673029,false,false
ngrtm,1,1.0,0,16.673029,16.673029,false,false
andfuel,1,1.0,0,16.673029,16.673029,false,false
connectpoint,1,1.0,0,16.673029,16.673029,false,false
forengine,1,1.0,0,16.673029,16.673029,false,false
geconformeerd,1,1.0,0,16.673029,16.673029,false,false
sevaral,1,1.0,0,16.673029,16.673029,false,false
mamifold,1,1.0,0,16.673029,16.673029,false,false
pawlpin,1,1.0,0,16.673029,16.673029,false,false
picturesnote,1,1.0,0,16.673029,16.673029,false,false
connecotrs,1,1.0,0,16.673029,16.673029,false,false
iginitor,1,1.0,0,16.673029,16.673029,false,false
indiameter,1,1.0,0,16.673029,16.673029,false,false
restrictioniaw,1,1.0,0,16.673029,16.673029,false,false
intrsection,1,1.0,0,16.673029,16.673029,false,false
barrelnut,1,1.0,0,16.673029,16.673029,false,false
lockspacer,1,1.0,0,16.673029,16.673029,false,false
inulation,1,1.0,0,16.673029,16.673029,false,false
tipshrouds,1,1.0,0,16.673029,16.673029,false,false
nozlle,1,1.0,0,16.673029,16.673029,false,false
fiveblade,1,1.0,0,16.673029,16.673029,false,false
thisthere,1,1.0,0,16.673029,16.673029,false,false
materialo,1,1.0,0,16.673029,16.673029,false,false
materila,1,1.0,0,16.673029,16.673029,false,false
gevlogen,1,1.0,0,16.673029,16.673029,false,false
somevane,1,1.0,0,16.673029,16.673029,false,false
dectector,1,1.0,0,16.673029,16.673029,false,false
paneldoor,1,1.0,0,16.673029,16.673029,false,false
fillcap,1,1.0,0,16.673029,16.673029,false,false
limitswithout,1,1.0,0,16.673029,16.673029,false,false
ckrak,1,1.0,0,16.673029,16.673029,false,false
numner,1,1.0,0,16.673029,16.673029,false,false
shutof,1,1.0,0,16.673029,16.673029,false,false
varnisch,1,1.0,0,16.673029,16.673029,false,false
sulphidication,1,1.0,0,16.673029,16.673029,false,false
supplyfilter,1,1.0,0,16.673029,16.673029,false,false
inoil,1,1.0,0,16.673029,16.673029,false,false
detactor,1,1.0,0,16.673029,16.673029,false,false
fromvalvs,1,1.0,0,16.673029,16.673029,false,false
outerliner,1,1.0,0,16.673029,16.673029,false,false
sctrach,1,1.0,0,16.673029,16.673029,false,false
stationairy,1,1.0,0,16.673029,16.673029,false,false
rbberdamper,1,1.0,0,16.673029,16.673029,false,false
pinsbolt,1,1.0,0,16.673029,16.673029,false,false
mountshave,1,1.0,0,16.673029,16.673029,false,false
arbox,1,1.0,0,16.673029,16.673029,false,false
pneumatatic,1,1.0,0,16.673029,16.673029,false,false
dirtyon,1,1.0,0,16.673029,16.673029,false,false
damague,1,1.0,0,16.673029,16.673029,false,false
exhanger,1,1.0,0,16.673029,16.673029,false,false
suspensionpoint,1,1.0,0,16.673029,16.673029,false,false
extiter,1,1.0,0,16.673029,16.673029,false,false
madealso,1,1.0,0,16.673029,16.673029,false,false
repairalreacy,1,1.0,0,16.673029,16.673029,false,false
repaireable,1,1.0,0,16.673029,16.673029,false,false
tranportation,1,1.0,0,16.673029,16.673029,false,false
leakkage,1,1.0,0,16.673029,16.673029,false,false
recomend,1,1.0,0,16.673029,16.673029,false,false
vonvex,1,1.0,0,16.673029,16.673029,false,false
missingteflon,1,1.0,0,16.673029,16.673029,false,false
sealmaterial,1,1.0,0,16.673029,16.673029,false,false
teflonseal,1,1.0,0,16.673029,16.673029,false,false
plpt,1,1.0,0,16.673029,16.673029,false,false
returnline,1,1.0,0,16.673029,16.673029,false,false
tipshroud,1,1.0,0,16.673029,16.673029,false,false
fileon,1,1.0,0,16.673029,16.673029,false,false
startduct,1,1.0,0,16.673029,16.673029,false,false
upperbleed,1,1.0,0,16.673029,16.673029,false,false
dimensios,1,1.0,0,16.673029,16.673029,false,false
subta,1,1.0,0,16.673029,16.673029,false,false
cokimg,1,1.0,0,16.673029,16.673029,false,false
treahd,1,1.0,0,16.673029,16.673029,false,false
oilscavenge,1,1.0,0,16.673029,16.673029,false,false
arounfd,1,1.0,0,16.673029,16.673029,false,false
sugest,1,1.0,0,16.673029,16.673029,false,false
andmeasure,1,1.0,0,16.673029,16.673029,false,false
cracksfigure,1,1.0,0,16.673029,16.673029,false,false
tipclearane,1,1.0,0,16.673029,16.673029,false,false
transportstand,1,1.0,0,16.673029,16.673029,false,false
lockpen,1,1.0,0,16.673029,16.673029,false,false
clambs,1,1.0,0,16.673029,16.673029,false,false
turnbucle,1,1.0,0,16.673029,16.673029,false,false
excentry,1,1.0,0,16.673029,16.673029,false,false
unjl,1,1.0,0,16.673029,16.673029,false,false
vissual,1,1.0,0,16.673029,16.673029,false,false
inpscetion,1,1.0,0,16.673029,16.673029,false,false
unjtm,1,1.0,0,16.673029,16.673029,false,false
pinpalw,1,1.0,0,16.673029,16.673029,false,false
aerodrome,3,2.098612,6288,7.926472,16.634591,true,false
resistance,8,3.079442,79480,5.389756,16.597437,true,false
non,41,4.713572,516150,3.518874,16.586467,true,false
restraint,3,2.098612,6445,7.901814,16.582844,true,false
fff,2,1.693147,1014,9.750385,16.508837,true,false
arrival,8,3.079442,82738,5.349583,16.473727,true,false
transient,3,2.098612,6821,7.845121,16.463867,true,false
number,74,5.304065,782145,3.103232,16.459746,true,false
cracked,3,2.098612,6889,7.835203,16.443052,true,false
alignment,4,2.386294,17778,6.887256,16.435019,true,false
pound,4,2.386294,18214,6.863028,16.377205,true,false
map,9,3.197225,106993,5.092501,16.281869,true,false
blended,3,2.098612,7534,7.745715,16.255252,true,false
ratchet,2,1.693147,1198,9.583786,16.22676,true,false
download,5,2.609438,34897,6.212844,16.212031,true,false
discharge,4,2.386294,19695,6.784858,16.190669,true,false
support,27,4.295837,402544,3.767467,16.184422,true,false
big,17,3.833213,255671,4.221378,16.181443,true,false
notches,2,1.693147,1283,9.515293,16.110792,true,false
harnesses,2,1.693147,1319,9.487642,16.063974,true,false
switching,4,2.386294,21074,6.717186,16.029183,true,false
face,12,3.484907,176883,4.589779,15.994953,true,false
clean,6,2.791759,56856,5.724734,15.982081,true,false
ignion,1,1.0,1,15.979882,15.979882,true,true
drainplug,1,1.0,1,15.979882,15.979882,true,true
repaird,1,1.0,1,15.979882,15.979882,true,true
padss,1,1.0,1,15.979882,15.979882,true,true
piecesa,1,1.0,1,15.979882,15.979882,true,true
protusion,1,1.0,1,15.979882,15.979882,true,true
clampshell,1,1.0,1,15.979882,15.979882,true,true
fromle,1,1.0,1,15.979882,15.979882,true,true
harnesss,1,1.0,1,15.979882,15.979882,true,true
depht,1,1.0,1,15.979882,15.979882,true,true
dimb,1,1.0,1,15.979882,15.979882,true,true
cumbustion,1,1.0,1,15.979882,15.979882,true,true
foundon,1,1.0,1,15.979882,15.979882,true,true
environmetal,1,1.0,1,15.979882,15.979882,true,true
shealt,1,1.0,1,15.979882,15.979882,true,true
invertory,1,1.0,1,15.979882,15.979882,true,true
aviable,1,1.0,1,15.979882,15.979882,true,true
builup,1,1.0,1,15.979882,15.979882,true,true
aftside,1,1.0,1,15.979882,15.979882,true,true
grtg,1,1.0,1,15.979882,15.979882,true,true
unjh,1,1.0,1,15.979882,15.979882,true,true
xdent,1,1.0,1,15.979882,15.979882,true,true
frnt,1,1.0,1,15.979882,15.979882,true,true
worrn,1,1.0,1,15.979882,15.979882,true,true
elektrical,1,1.0,1,15.979882,15.979882,true,true
pneumatick,1,1.0,1,15.979882,15.979882,true,true
harmess,1,1.0,1,15.979882,15.979882,true,true
labyrith,1,1.0,1,15.979882,15.979882,true,true
convave,1,1.0,1,15.979882,15.979882,true,true
nozl,1,1.0,1,15.979882,15.979882,true,true
fanblades,1,1.0,1,15.979882,15.979882,true,true
ebris,1,1.0,1,15.979882,15.979882,true,true
removel,1,1.0,1,15.979882,15.979882,true,true
unlb,1,1.0,1,15.979882,15.979882,true,true
unnen,1,1.0,1,15.979882,15.979882,true,true
ingiter,1,1.0,1,15.979882,15.979882,true,true
attatchment,1,1.0,1,15.979882,15.979882,true,true
lnote,1,1.0,1,15.979882,15.979882,true,true
rubbermount,1,1.0,1,15.979882,15.979882,true,true
paintis,1,1.0,1,15.979882,15.979882,true,true
damner,1,1.0,1,15.979882,15.979882,true,true
agbp,1,1.0,1,15.979882,15.979882,true,true
winor,1,1.0,1,15.979882,15.979882,true,true
foundwithin,1,1.0,1,15.979882,15.979882,true,true
fwla,1,1.0,1,15.979882,15.979882,true,true
hasre,1,1.0,1,15.979882,15.979882,true,true
mailfunction,1,1.0,1,15.979882,15.979882,true,true
faultcode,1,1.0,1,15.979882,15.979882,true,true
foult,1,1.0,1,15.979882,15.979882,true,true
hydralic,1,1.0,1,15.979882,15.979882,true,true
valave,1,1.0,1,15.979882,15.979882,true,true
dpth,1,1.0,1,15.979882,15.979882,true,true
thisshop,1,1.0,1,15.979882,15.979882,true,true
bypasse,1,1.0,1,15.979882,15.979882,true,true
splitline,1,1.0,1,15.979882,15.979882,true,true
unservicable,1,1.0,1,15.979882,15.979882,true,true
appliccable,1,1.0,1,15.979882,15.979882,true,true
fualt,1,1.0,1,15.979882,15.979882,true,true
signd,1,1.0,1,15.979882,15.979882,true,true
harnesse,1,1.0,1,15.979882,15.979882,true,true
seperation,1,1.0,1,15.979882,15.979882,true,true
inside,12,3.484907,178408,4.581195,15.965037,true,false
spring,12,3.484907,178805,4.578972,15.957291,true,false
overhang,2,1.693147,1466,9.382054,15.885198,true,false
hoses,2,1.693147,1491,9.365156,15.856588,true,false
fluid,4,2.386294,22722,6.641896,15.849519,true,false
parental,3,2.098612,9292,7.536012,15.815168,true,false
square,11,3.397895,167905,4.641869,15.772586,true,false
bit,6,2.791759,62097,5.63656,15.735919,true,false
nuts,3,2.098612,9802,7.482585,15.703045,true,false
black,25,4.218876,425766,3.711381,15.657857,true,false
dispatch,3,2.098612,10051,7.457502,15.650405,true,false
blistering,2,1.693147,1712,9.227027,15.622715,true,false
accumulation,3,2.098612,10217,7.441123,15.616032,true,false
zone,8,3.079442,110754,5.057953,15.575671,true,false
shortest,3,2.098612,10421,7.421355,15.574546,true,false
spectical,1,1.0,2,15.574417,15.574417,true,true
fedac,1,1.0,2,15.574417,15.574417,true,true
sencor,1,1.0,2,15.574417,15.574417,true,true
mudule,1,1.0,2,15.574417,15.574417,true,true
throuh,1,1.0,2,15.574417,15.574417,true,true
bracked,1,1.0,2,15.574417,15.574417,true,true
impct,1,1.0,2,15.574417,15.574417,true,true
countour,1,1.0,2,15.574417,15.574417,true,true
retorqued,1,1.0,2,15.574417,15.574417,true,true
insuficient,1,1.0,2,15.574417,15.574417,true,true
markso,1,1.0,2,15.574417,15.574417,true,true
mounto,1,1.0,2,15.574417,15.574417,true,true
demensional,1,1.0,2,15.574417,15.574417,true,true
valce,1,1.0,2,15.574417,15.574417,true,true
measurment,1,1.0,2,15.574417,15.574417,true,true
srew,1,1.0,2,15.574417,15.574417,true,true
platfom,1,1.0,2,15.574417,15.574417,true,true
visial,1,1.0,2,15.574417,15.574417,true,true
wheel,5,2.609438,44980,5.959033,15.549728,true,false
tool,5,2.609438,46141,5.93355,15.48323,true,false
corrosive,2,1.693147,1893,9.126583,15.452648,true,false
design,17,3.833213,309862,4.029143,15.444566,true,false
gap,5,2.609438,47772,5.898813,15.392586,true,false
honeycomb,2,1.693147,2003,9.070128,15.357062,true,false
bol,2,1.693147,2027,9.058224,15.336906,true,false
loo,2,1.693147,2043,9.050365,15.3236,true,false
condiction,1,1.0,3,15.286735,15.286735,true,true
covex,1,1.0,3,15.286735,15.286735,true,true
skydrol,1,1.0,3,15.286735,15.286735,true,true
egde,1,1.0,3,15.286735,15.286735,true,true
clok,1,1.0,3,15.286735,15.286735,true,true
labirinth,1,1.0,3,15.286735,15.286735,true,true
cleavis,1,1.0,3,15.286735,15.286735,true,true
lengt,1,1.0,3,15.286735,15.286735,true,true
inlb,1,1.0,3,15.286735,15.286735,true,true
degr,1,1.0,3,15.286735,15.286735,true,true
onother,1,1.0,3,15.286735,15.286735,true,true
electic,1,1.0,3,15.286735,15.286735,true,true
gerneral,1,1.0,3,15.286735,15.286735,true,true
assembley,1,1.0,3,15.286735,15.286735,true,true
waarschijnlijk,1,1.0,3,15.286735,15.286735,true,true
tubre,1,1.0,3,15.286735,15.286735,true,true
accross,1,1.0,3,15.286735,15.286735,true,true
sealt,1,1.0,3,15.286735,15.286735,true,true
rightarm,1,1.0,3,15.286735,15.286735,true,true
seperate,1,1.0,3,15.286735,15.286735,true,true
distace,1,1.0,3,15.286735,15.286735,true,true
preseved,1,1.0,3,15.286735,15.286735,true,true
eccentric,3,2.098612,12169,7.2663,15.249146,true,false
beam,4,2.386294,29396,6.384381,15.235012,true,false
aac,2,1.693147,2177,8.986867,15.216088,true,false
sharp,5,2.609438,51847,5.816957,15.178989,true,false
complete,13,3.564949,246758,4.256861,15.175496,true,false
gear,4,2.386294,30830,6.336753,15.121358,true,false
completeness,2,1.693147,2311,8.927161,15.114997,true,false
side,26,4.258097,501696,3.547277,15.104649,true,false
dry,6,2.791759,78109,5.407156,15.095478,true,false
sufferd,1,1.0,4,15.063591,15.063591,true,true
blde,1,1.0,4,15.063591,15.063591,true,true
picure,1,1.0,4,15.063591,15.063591,true,true
linit,1,1.0,4,15.063591,15.063591,true,true
appox,1,1.0,4,15.063591,15.063591,true,true
assesment,1,1.0,4,15.063591,15.063591,true,true
airduct,1,1.0,4,15.063591,15.063591,true,true
valv,1,1.0,4,15.063591,15.063591,true,true
totaly,1,1.0,4,15.063591,15.063591,true,true
thelower,1,1.0,4,15.063591,15.063591,true,true
apox,1,1.0,4,15.063591,15.063591,true,true
uitgevoerd,1,1.0,4,15.063591,15.063591,true,true
witin,1,1.0,4,15.063591,15.063591,true,true
eair,1,1.0,4,15.063591,15.063591,true,true
minimun,1,1.0,4,15.063591,15.063591,true,true
accoustic,1,1.0,4,15.063591,15.063591,true,true
dirth,1,1.0,4,15.063591,15.063591,true,true
convexe,1,1.0,4,15.063591,15.063591,true,true
morethan,1,1.0,4,15.063591,15.063591,true,true
spinning,3,2.098612,13391,7.170616,15.048343,true,false
restriction,3,2.098612,13470,7.164734,15.036,true,false
reduced,8,3.079442,133814,4.868815,14.993232,true,false
distress,3,2.098612,13929,7.131229,14.965684,true,false
activity,8,3.079442,135303,4.85775,14.959156,true,false
result,18,3.890372,372935,3.843867,14.954071,true,false
end,44,4.78419,769953,3.118943,14.921614,true,false
degree,14,3.639057,289966,4.095506,14.903783,true,false
sense,7,2.94591,110876,5.056852,14.897032,true,false
hydrolic,1,1.0,5,14.881269,14.881269,true,false
assessement,1,1.0,5,14.881269,14.881269,true,false
smaal,1,1.0,5,14.881269,14.881269,true,false
sfmc,1,1.0,5,14.881269,14.881269,true,false
helicoil,1,1.0,5,14.881269,14.881269,true,false
wellis,1,1.0,5,14.881269,14.881269,true,false
ount,1,1.0,5,14.881269,14.881269,true,false
rivit,1,1.0,5,14.881269,14.881269,true,false
shoud,1,1.0,5,14.881269,14.881269,true,false
excitor,1,1.0,5,14.881269,14.881269,true,false
gol,2,1.693147,2694,8.773875,14.855462,true,false
aviation,5,2.609438,58732,5.692272,14.85363,true,false
findings,4,2.386294,34933,6.211813,14.823214,true,false
centimeter,2,1.693147,2848,8.718306,14.761374,true,false
panl,1,1.0,6,14.727119,14.727119,true,false
innerside,1,1.0,6,14.727119,14.727119,true,false
fuelsystem,1,1.0,6,14.727119,14.727119,true,false
wign,1,1.0,6,14.727119,14.727119,true,false
suppy,1,1.0,6,14.727119,14.727119,true,false
lwj,1,1.0,6,14.727119,14.727119,true,false
deveral,1,1.0,6,14.727119,14.727119,true,false
braket,1,1.0,6,14.727119,14.727119,true,false
hybird,1,1.0,6,14.727119,14.727119,true,false
accessoire,1,1.0,6,14.727119,14.727119,true,false
separation,4,2.386294,36440,6.169579,14.722432,true,false
loss,10,3.302585,201858,4.457704,14.721947,true,false
laboratory,5,2.609438,63029,5.621663,14.66938,true,false
data,9,3.197225,178287,4.581873,14.649278,true,false
harnas,1,1.0,7,14.593587,14.593587,true,false
fandisk,1,1.0,7,14.593587,14.593587,true,false
inpact,1,1.0,7,14.593587,14.593587,true,false
toolmark,1,1.0,7,14.593587,14.593587,true,false
migratie,1,1.0,7,14.593587,14.593587,true,false
eand,1,1.0,7,14.593587,14.593587,true,false
casing,2,1.693147,3180,8.608078,14.574743,true,false
engineering,8,3.079442,154298,4.726381,14.554615,true,false
twist,3,2.098612,16997,6.932178,14.547954,true,false
true,8,3.079442,156686,4.711023,14.507321,true,false
tubes,3,2.098612,17356,6.911278,14.504092,true,false
long,34,4.526361,708478,3.202153,14.4941,true,false
axiak,1,1.0,8,14.475804,14.475804,true,false
recoat,1,1.0,8,14.475804,14.475804,true,false
andb,1,1.0,8,14.475804,14.475804,true,false
sperical,1,1.0,8,14.475804,14.475804,true,false
idisk,1,1.0,8,14.475804,14.475804,true,false
generel,1,1.0,8,14.475804,14.475804,true,false
lockring,1,1.0,8,14.475804,14.475804,true,false
cage,3,2.098612,17614,6.896523,14.473128,true,false
action,12,3.484907,274094,4.151799,14.468631,true,false
moist,3,2.098612,17661,6.893858,14.467535,true,false
channel,8,3.079442,161675,4.679679,14.410799,true,false
cell,5,2.609438,70571,5.50864,14.374454,true,false
mentio,1,1.0,9,14.370444,14.370444,true,false
craddle,1,1.0,9,14.370444,14.370444,true,false
regul,1,1.0,9,14.370444,14.370444,true,false
cnote,1,1.0,9,14.370444,14.370444,true,false
overall,10,3.302585,225439,4.34722,14.357063,true,false
row,5,2.609438,71375,5.497312,14.344894,true,false
power,15,3.70805,365272,3.864629,14.330237,true,false
socket,2,1.693147,3729,8.448865,14.305173,true,false
speed,7,2.94591,135774,4.854275,14.300257,true,false
relative,5,2.609438,73178,5.472365,14.279797,true,false
manaul,1,1.0,10,14.275134,14.275134,true,false
fedec,1,1.0,10,14.275134,14.275134,true,false
measurable,2,1.693147,3831,8.421887,14.259494,true,false
continue,8,3.079442,170643,4.625694,14.244555,true,false
transport,8,3.079442,171367,4.62146,14.231517,true,false
discrepancy,2,1.693147,3981,8.383489,14.194481,true,false
safty,1,1.0,11,14.188122,14.188122,true,false
unnc,1,1.0,11,14.188122,14.188122,true,false
flex,2,1.693147,4108,8.352094,14.141324,true,false
show,17,3.833213,436049,3.687517,14.135038,true,false
paperwork,2,1.693147,4156,8.34048,14.12166,true,false
compleet,1,1.0,12,14.10808,14.10808,true,false
busching,1,1.0,12,14.10808,14.10808,true,false
roughedge,1,1.0,12,14.10808,14.10808,true,false
visuele,1,1.0,12,14.10808,14.10808,true,false
centerlink,1,1.0,12,14.10808,14.10808,true,false
higg,1,1.0,12,14.10808,14.10808,true,false
onderhoud,1,1.0,12,14.10808,14.10808,true,false
sand,4,2.386294,47471,5.905134,14.091387,true,false
llp,2,1.693147,4291,8.308521,14.067549,true,false
effective,6,2.791759,113055,5.03739,14.063182,true,false
place,39,4.663562,858617,3.009949,14.037085,true,false
cloudy,2,1.693147,4408,8.281626,14.022011,true,false
removable,2,1.693147,4490,8.263198,13.990811,true,false
fastner,1,1.0,14,13.964979,13.964979,true,false
wornout,1,1.0,14,13.964979,13.964979,true,false
matel,1,1.0,14,13.964979,13.964979,true,false
eachother,1,1.0,14,13.964979,13.964979,true,false
symptom,2,1.693147,4564,8.246855,13.963139,true,false
bend,3,2.098612,22549,6.649539,13.954803,true,false
dummy,2,1.693147,4616,8.235528,13.943962,true,false
date,10,3.302585,257330,4.21491,13.9201,true,false
rotation,3,2.098612,22985,6.630388,13.914614,true,false
primary,10,3.302585,258313,4.211098,13.907509,true,false
tedlar,1,1.0,15,13.90044,13.90044,true,false
bal,2,1.693147,4804,8.195617,13.876385,true,false
info,3,2.098612,23437,6.610915,13.873747,true,false
disconnected,2,1.693147,4871,8.181769,13.852939,true,false
bar,6,2.791759,122052,4.960818,13.849411,true,false
lasat,1,1.0,16,13.839816,13.839816,true,false
airr,1,1.0,16,13.839816,13.839816,true,false
flang,1,1.0,16,13.839816,13.839816,true,false
mension,1,1.0,16,13.839816,13.839816,true,false
generic,3,2.098612,23975,6.58822,13.82612,true,false
hard,7,2.94591,160969,4.684056,13.798807,true,false
head,17,3.833213,476086,3.599673,13.798315,true,false
lyg,1,1.0,17,13.782657,13.782657,true,false
chaper,1,1.0,17,13.782657,13.782657,true,false
actual,5,2.609438,89122,5.275256,13.765453,true,false
egine,1,1.0,18,13.72859,13.72859,true,false
procent,1,1.0,18,13.72859,13.72859,true,false
unknow,1,1.0,18,13.72859,13.72859,true,false
press,12,3.484907,339477,3.937864,13.72309,true,false
video,11,3.397895,309096,4.031618,13.699017,true,false
defective,2,1.693147,5375,8.083329,13.686266,true,false
permi,1,1.0,19,13.677297,13.677297,true,false
omdat,1,1.0,19,13.677297,13.677297,true,false
salt,4,2.386294,56564,5.729883,13.673188,true,false
feed,4,2.386294,57069,5.720995,13.651978,true,false
status,8,3.079442,207107,4.432033,13.648187,true,false
total,16,3.772589,468170,3.61644,13.643341,true,false
centric,2,1.693147,5540,8.053099,13.635081,true,false
bothin,1,1.0,21,13.581986,13.581986,true,false
oter,1,1.0,21,13.581986,13.581986,true,false
confex,1,1.0,21,13.581986,13.581986,true,false
attachement,1,1.0,22,13.537535,13.537535,true,false
splash,2,1.693147,5881,7.993377,13.533963,true,false
vibration,2,1.693147,5970,7.978359,13.508536,true,false
trace,3,2.098612,27893,6.436862,13.508478,true,false
nose,3,2.098612,28007,6.432783,13.499918,true,false
base,8,3.079442,217692,4.382188,13.494691,true,false
lose,4,2.386294,61374,5.648271,13.478437,true,false
eith,1,1.0,24,13.454153,13.454153,true,false
grinding,2,1.693147,6167,7.945899,13.453576,true,false
coil,2,1.693147,6255,7.931733,13.429591,true,false
enj,1,1.0,25,13.414932,13.414932,true,false
sheild,1,1.0,25,13.414932,13.414932,true,false
anchor,3,2.098612,29590,6.377803,13.384536,true,false
meter,3,2.098612,29902,6.367315,13.362525,true,false
leg,4,2.386294,64611,5.596873,13.355788,true,false
aand,1,1.0,27,13.340824,13.340824,true,false
hardware,3,2.098612,30295,6.354258,13.335124,true,false
measure,4,2.386294,66504,5.567996,13.286879,true,false
blending,2,1.693147,6856,7.840004,13.27428,true,false
midspan,1,1.0,29,13.271832,13.271832,true,false
wuth,1,1.0,29,13.271832,13.271832,true,false
unke,1,1.0,29,13.271832,13.271832,true,false
short,14,3.639057,454549,3.645966,13.267878,true,false
ass,2,1.693147,6980,7.822081,13.243935,true,false
bill,7,2.94591,194527,4.494698,13.240975,true,false
noted,8,3.079442,236492,4.299355,13.239612,true,false
sleeving,1,1.0,30,13.239042,13.239042,true,false
chaffing,1,1.0,30,13.239042,13.239042,true,false
compl,1,1.0,30,13.239042,13.239042,true,false
erea,1,1.0,30,13.239042,13.239042,true,false
bundle,2,1.693147,7033,7.814518,13.231129,true,false
build,6,2.791759,153357,4.732499,13.211998,true,false
metical,1,1.0,31,13.207293,13.207293,true,false
lfu,1,1.0,32,13.176521,13.176521,true,false
old,19,3.944439,618298,3.338301,13.167726,true,false
rust,2,1.693147,7307,7.776304,13.166427,true,false
consult,2,1.693147,7372,7.767449,13.151434,true,false
packing,2,1.693147,7381,7.766229,13.149369,true,false
strater,1,1.0,33,13.146668,13.146668,true,false
pannel,1,1.0,33,13.146668,13.146668,true,false
spash,1,1.0,34,13.117681,13.117681,true,false
adge,1,1.0,35,13.08951,13.08951,true,false
section,8,3.079442,250166,4.243145,13.066517,true,false
turn,7,2.94591,206484,4.435046,13.065247,true,false
ogf,1,1.0,36,13.062111,13.062111,true,false
detailed,4,2.386294,73419,5.469077,13.050828,true,false
unthreaded,1,1.0,37,13.035443,13.035443,true,false
lht,1,1.0,37,13.035443,13.035443,true,false
reparable,1,1.0,37,13.035443,13.035443,true,false
metco,1,1.0,38,13.009467,13.009467,true,false
likey,1,1.0,39,12.984149,12.984149,true,false
improper,2,1.693147,8158,7.666152,12.979924,true,false
heve,1,1.0,40,12.959457,12.959457,true,false
conform,2,1.693147,8355,7.642294,12.939528,true,false
uter,1,1.0,41,12.935359,12.935359,true,false
locknut,1,1.0,41,12.935359,12.935359,true,false
multi,5,2.609438,122741,4.955189,12.930258,true,false
difference,4,2.386294,77288,5.417722,12.928279,true,false
performance,9,3.197225,308741,4.032768,12.893664,true,false
foor,1,1.0,43,12.888839,12.888839,true,false
stand,5,2.609438,125120,4.935992,12.880166,true,false
humidity,2,1.693147,8697,7.602181,12.87161,true,false
inservice,1,1.0,44,12.866366,12.866366,true,false
mior,1,1.0,45,12.844388,12.844388,true,false
proforma,1,1.0,46,12.822881,12.822881,true,false
white,13,3.564949,479017,3.593535,12.810772,true,false
hour,5,2.609438,128627,4.908349,12.808032,true,false
foil,2,1.693147,9077,7.55942,12.79921,true,false
unable,5,2.609438,129194,4.903951,12.796555,true,false
recheck,1,1.0,48,12.781209,12.781209,true,false
change,8,3.079442,275124,4.148048,12.773672,true,false
percent,4,2.386294,82756,5.349365,12.76516,true,false
version,9,3.197225,322580,3.988919,12.753471,true,false
acce,1,1.0,50,12.741203,12.741203,true,false
little,10,3.302585,370938,3.849236,12.712429,true,false
protector,2,1.693147,9655,7.497694,12.6947,true,false
wing,5,2.609438,135777,4.854252,12.66687,true,false
seath,1,1.0,54,12.665696,12.665696,true,false
areo,1,1.0,54,12.665696,12.665696,true,false
vulcanizing,1,1.0,55,12.647677,12.647677,true,false
retention,2,1.693147,10111,7.451551,12.616572,true,false
management,7,2.94591,240952,4.280672,12.610474,true,false
achor,1,1.0,58,12.595491,12.595491,true,false
authorization,2,1.693147,10274,7.43556,12.589497,true,false
main,16,3.772589,619142,3.336937,12.588892,true,false
sleath,1,1.0,63,12.514146,12.514146,true,false
miner,2,1.693147,10782,7.387303,12.507791,true,false
figure,5,2.609438,144347,4.793047,12.507157,true,false
project,9,3.197225,349214,3.909586,12.499824,true,false
disfiguration,1,1.0,64,12.498642,12.498642,true,false
brais,1,1.0,67,12.453521,12.453521,true,false
excentric,1,1.0,70,12.410349,12.410349,true,false
labyrint,1,1.0,70,12.410349,12.410349,true,false
investigation,4,2.386294,96082,5.200061,12.408877,true,false
good,9,3.197225,359882,3.879495,12.403616,true,false
file,3,2.098612,47474,5.90507,12.392453,true,false
omn,1,1.0,73,12.368964,12.368964,true,false
viton,1,1.0,74,12.355541,12.355541,true,false
pece,1,1.0,74,12.355541,12.355541,true,false
raport,1,1.0,74,12.355541,12.355541,true,false
previous,8,3.079442,315659,4.010608,12.350433,true,false
fill,3,2.098612,48643,5.880745,12.341404,true,false
rosan,1,1.0,80,12.27858,12.27858,true,false
twisted,2,1.693147,12383,7.248868,12.273401,true,false
degreed,1,1.0,81,12.26631,12.26631,true,false
circumstantially,1,1.0,82,12.254188,12.254188,true,false
shunk,1,1.0,82,12.254188,12.254188,true,false
dissol,1,1.0,84,12.230378,12.230378,true,false
shelf,2,1.693147,12893,7.208512,12.205071,true,false
sence,1,1.0,87,12.195692,12.195692,true,false
deze,1,1.0,89,12.173219,12.173219,true,false
special,9,3.197225,387595,3.80531,12.166431,true,false
lowe,2,1.693147,13534,7.159995,12.122925,true,false
waer,1,1.0,94,12.119152,12.119152,true,false
ligt,1,1.0,94,12.119152,12.119152,true,false
rest,6,2.791759,228702,4.332849,12.096273,true,false
retrieve,2,1.693147,13759,7.143508,12.09501,true,false
document,3,2.098612,57165,5.719314,12.002623,true,false
vibro,1,1.0,106,12.0002,12.0002,true,false
flight,4,2.386294,114475,5.024908,11.990911,true,false
grommet,1,1.0,107,11.990898,11.990898,true,false
inon,1,1.0,111,11.95453,11.95453,true,false
signal,3,2.098612,58554,5.695307,11.952242,true,false
basic,4,2.386294,116529,5.007125,11.948474,true,false
transportation,4,2.386294,117261,5.000863,11.933531,true,false
cicle,1,1.0,115,11.919439,11.919439,true,false
necessary,4,2.386294,118305,4.991999,11.912379,true,false
controller,2,1.693147,15470,7.026306,11.896571,true,false
robbery,2,1.693147,15499,7.024434,11.8934,true,false
erro,1,1.0,119,11.885537,11.885537,true,false
wordt,1,1.0,119,11.885537,11.885537,true,false
slechte,1,1.0,119,11.885537,11.885537,true,false
braising,1,1.0,119,11.885537,11.885537,true,false
eoo,1,1.0,120,11.877238,11.877238,true,false
consultation,2,1.693147,15800,7.0052,11.860835,true,false
clip,2,1.693147,15982,6.993748,11.841445,true,false
overhead,2,1.693147,16008,6.992123,11.838693,true,false
breading,1,1.0,126,11.828842,11.828842,true,false
union,8,3.079442,375025,3.838278,11.819754,true,false
oad,1,1.0,128,11.813216,11.813216,true,false
heather,2,1.693147,16526,6.960278,11.784775,true,false
onf,1,1.0,134,11.767754,11.767754,true,false
oct,2,1.693147,16737,6.947592,11.763296,true,false
severall,1,1.0,135,11.760374,11.760374,true,false
heeft,1,1.0,135,11.760374,11.760374,true,false
meed,1,1.0,136,11.753048,11.753048,true,false
information,7,2.94591,325155,3.980969,11.727576,true,false
desiccant,1,1.0,141,11.717202,11.717202,true,false
list,20,3.995732,930315,2.929749,11.706494,true,false
mout,1,1.0,143,11.703216,11.703216,true,false
pressurisation,1,1.0,144,11.696295,11.696295,true,false
faul,1,1.0,145,11.689422,11.689422,true,false
manhandling,1,1.0,148,11.669083,11.669083,true,false
displacement,2,1.693147,17699,6.891709,11.668678,true,false
gill,2,1.693147,17750,6.888832,11.663806,true,false
useable,1,1.0,150,11.655749,11.655749,true,false
strike,3,2.098612,67518,5.552865,11.65331,true,false
brade,1,1.0,151,11.649148,11.649148,true,false
departure,3,2.098612,68304,5.541291,11.629021,true,false
cleaning,2,1.693147,18231,6.862095,11.618537,true,false
scv,1,1.0,156,11.616783,11.616783,true,false
set,12,3.484907,622685,3.331231,11.60903,true,false
unscrewed,1,1.0,158,11.604125,11.604125,true,false
pervious,1,1.0,163,11.573162,11.573162,true,false
fod,1,1.0,163,11.573162,11.573162,true,false
deth,1,1.0,164,11.567083,11.567083,true,false
able,6,2.791759,282641,4.121093,11.505099,true,false
dpw,1,1.0,177,11.491245,11.491245,true,false
exel,1,1.0,178,11.485643,11.485643,true,false
cvv,1,1.0,178,11.485643,11.485643,true,false
acceptable,2,1.693147,19753,6.781918,11.482785,true,false
motor,3,2.098612,74212,5.458334,11.454927,true,false
flexible,2,1.693147,20119,6.763559,11.451701,true,false
repaired,2,1.693147,20241,6.757514,11.441466,true,false
posible,1,1.0,191,11.415534,11.415534,true,false
lugh,1,1.0,193,11.405171,11.405171,true,false
abh,1,1.0,193,11.405171,11.405171,true,false
remain,4,2.386294,148918,4.761871,11.363226,true,false
slot,2,1.693147,21539,6.695362,11.336233,true,false
suspect,2,1.693147,21825,6.682172,11.3139,true,false
month,5,2.609438,229679,4.328587,11.295178,true,false
napp,1,1.0,218,11.283957,11.283957,true,false
unl,1,1.0,224,11.256928,11.256928,true,false
elec,1,1.0,224,11.256928,11.256928,true,false
buton,1,1.0,228,11.239307,11.239307,true,false
stop,4,2.386294,157681,4.704693,11.226783,true,false
lateral,2,1.693147,23081,6.626221,11.219167,true,false
evidence,4,2.386294,158343,4.700504,11.216786,true,false
fef,1,1.0,241,11.184091,11.184091,true,false
gole,1,1.0,241,11.184091,11.184091,true,false
cut,4,2.386294,160765,4.685324,11.180562,true,false
locked,2,1.693147,23660,6.601445,11.177219,true,false
fron,1,1.0,249,11.151568,11.151568,true,false
troubleshoot,1,1.0,253,11.135695,11.135695,true,false
borst,1,1.0,253,11.135695,11.135695,true,false
opposite,3,2.098612,86438,5.305835,11.13489,true,false
average,5,2.609438,244708,4.265204,11.129785,true,false
supplement,2,1.693147,24376,6.571634,11.126743,true,false
half,7,2.94591,399992,3.773827,11.117354,true,false
mfp,1,1.0,266,11.08578,11.08578,true,false
madding,1,1.0,269,11.074607,11.074607,true,false
cluster,2,1.693147,25229,6.53724,11.068509,true,false
pocket,2,1.693147,25512,6.526085,11.049623,true,false
crisscross,1,1.0,276,11.049011,11.049011,true,false
discolouration,1,1.0,277,11.045408,11.045408,true,false
mutch,1,1.0,282,11.027582,11.027582,true,false
bothe,1,1.0,285,11.017037,11.017037,true,false
costumer,1,1.0,288,11.006602,11.006602,true,false
green,5,2.609438,256741,4.217202,11.004527,true,false
sicht,1,1.0,290,10.999706,10.999706,true,false
substance,2,1.693147,26530,6.48696,10.983378,true,false
lease,2,1.693147,26670,6.481697,10.974467,true,false
ghb,1,1.0,319,10.904708,10.904708,true,false
chafed,1,1.0,321,10.898477,10.898477,true,false
geen,1,1.0,327,10.880015,10.880015,true,false
input,2,1.693147,28283,6.422977,10.875046,true,false
config,1,1.0,331,10.867894,10.867894,true,false
pack,2,1.693147,28727,6.407401,10.848674,true,false
wich,1,1.0,339,10.844083,10.844083,true,false
floe,1,1.0,344,10.829484,10.829484,true,false
oval,2,1.693147,29591,6.37777,10.798503,true,false
hane,1,1.0,373,10.748773,10.748773,true,false
buttock,1,1.0,373,10.748773,10.748773,true,false
outside,5,2.609438,283185,4.11917,10.748718,true,false
minimal,2,1.693147,30993,6.33148,10.720127,true,false
sth,1,1.0,389,10.706882,10.706882,true,false
need,4,2.386294,196216,4.486052,10.705042,true,false
impingement,1,1.0,397,10.686577,10.686577,true,false
shoulder,2,1.693147,31710,6.30861,10.681405,true,false
insolation,1,1.0,410,10.654436,10.654436,true,false
transporte,1,1.0,414,10.64475,10.64475,true,false
onder,1,1.0,416,10.639943,10.639943,true,false
burns,2,1.693147,32857,6.273078,10.621245,true,false
familiarization,1,1.0,431,10.604603,10.604603,true,false
different,7,2.94591,476738,3.598304,10.600282,true,false
hasa,1,1.0,434,10.597683,10.597683,true,false
crimp,1,1.0,435,10.595387,10.595387,true,false
problem,3,2.098612,112177,5.045187,10.587891,true,false
cavitation,1,1.0,439,10.586254,10.586254,true,false
amendment,2,1.693147,33922,6.24118,10.567237,true,false
loop,2,1.693147,34155,6.234335,10.555647,true,false
layard,1,1.0,454,10.552731,10.552731,true,false
sev,1,1.0,456,10.548346,10.548346,true,false
page,4,2.386294,209704,4.419572,10.546399,true,false
cust,1,1.0,462,10.535302,10.535302,true,false
granule,1,1.0,469,10.520296,10.520296,true,false
layer,2,1.693147,34968,6.210812,10.515818,true,false
pen,2,1.693147,35128,6.206247,10.508089,true,false
ther,1,1.0,481,10.495085,10.495085,true,false
brown,4,2.386294,215947,4.390236,10.476395,true,false
stem,2,1.693147,35982,6.182227,10.46742,true,false
blue,4,2.386294,216894,4.38586,10.465954,true,false
accomplished,2,1.693147,36103,6.17887,10.461736,true,false
instruction,2,1.693147,36187,6.176546,10.457802,true,false
shiel,1,1.0,510,10.436659,10.436659,true,false
return,5,2.609438,320864,3.994253,10.422756,true,false
pilon,1,1.0,519,10.4192,10.4192,true,false
error,2,1.693147,37069,6.152466,10.41703,true,false
senor,1,1.0,523,10.411537,10.411537,true,false
swab,1,1.0,527,10.403933,10.403933,true,false
delta,2,1.693147,37810,6.132674,10.383519,true,false
driveshaft,1,1.0,546,10.36858,10.36858,true,false
alem,1,1.0,551,10.359481,10.359481,true,false
weft,1,1.0,558,10.346879,10.346879,true,false
label,3,2.098612,126083,4.928325,10.342644,true,false
beaty,1,1.0,581,10.306558,10.306558,true,false
lik,1,1.0,585,10.299709,10.299709,true,false
birdcage,1,1.0,587,10.296302,10.296302,true,false
actuation,1,1.0,609,10.25957,10.25957,true,false
misfire,1,1.0,621,10.240089,10.240089,true,false
smooth,2,1.693147,41553,6.03828,10.223696,true,false
wide,4,2.386294,243302,4.270966,10.191782,true,false
wall,3,2.098612,136067,4.852119,10.182716,true,false
padi,1,1.0,670,10.16426,10.16426,true,false
micrometer,1,1.0,682,10.146534,10.146534,true,false
vertical,2,1.693147,43806,5.98548,10.134299,true,false
rubi,1,1.0,693,10.130557,10.130557,true,false
inti,1,1.0,693,10.130557,10.130557,true,false
nacelle,1,1.0,710,10.106356,10.106356,true,false
vanes,1,1.0,713,10.102146,10.102146,true,false
solder,1,1.0,717,10.096559,10.096559,true,false
mechanism,2,1.693147,44828,5.962418,10.095252,true,false
staat,1,1.0,733,10.07452,10.07452,true,false
inflight,1,1.0,738,10.067731,10.067731,true,false
danger,2,1.693147,45853,5.939811,10.056975,true,false
hase,1,1.0,748,10.05429,10.05429,true,false
thick,2,1.693147,46421,5.9275,10.03613,true,false
work,10,3.302585,835099,3.037722,10.032336,true,false
burned,2,1.693147,47289,5.908975,10.004764,true,false
invoice,1,1.0,792,9.997206,9.997206,true,false
spry,1,1.0,799,9.988417,9.988417,true,false
placard,1,1.0,807,9.978467,9.978467,true,false
bootstrap,1,1.0,815,9.968615,9.968615,true,false
screwdriver,1,1.0,826,9.955224,9.955224,true,false
mail,2,1.693147,49386,5.865586,9.931301,true,false
bellow,1,1.0,847,9.930148,9.930148,true,false
bij,1,1.0,873,9.899949,9.899949,true,false
conformance,1,1.0,889,9.881807,9.881807,true,false
shell,2,1.693147,52134,5.811437,9.839618,true,false
camber,1,1.0,933,9.833552,9.833552,true,false
sliver,1,1.0,934,9.832482,9.832482,true,false
land,5,2.609438,404361,3.762963,9.819219,true,false
alternate,2,1.693147,53046,5.794095,9.810256,true,false
extinguisher,1,1.0,958,9.807138,9.807138,true,false
pug,1,1.0,1009,9.755323,9.755323,true,false
indentation,1,1.0,1014,9.750385,9.750385,true,false
couplings,1,1.0,1024,9.740581,9.740581,true,false
buckles,1,1.0,1043,9.722214,9.722214,true,false
scouring,1,1.0,1057,9.708893,9.708893,true,false
remove,2,1.693147,57009,5.722047,9.688268,true,false
relation,2,1.693147,57406,5.715107,9.676518,true,false
advice,2,1.693147,58243,5.700633,9.65201,true,false
prong,1,1.0,1174,9.604005,9.604005,true,false
site,5,2.609438,443319,3.670982,9.579199,true,false
haro,1,1.0,1207,9.576308,9.576308,true,false
separator,1,1.0,1212,9.572177,9.572177,true,false
close,4,2.386294,315710,4.010446,9.570106,true,false
tie,2,1.693147,61974,5.638543,9.546882,true,false
room,3,2.098612,185424,4.542623,9.533205,true,false
sigh,1,1.0,1278,9.519195,9.519195,true,false
silver,3,2.098612,186711,4.535706,9.518689,true,false
lar,1,1.0,1279,9.518414,9.518414,true,false
locator,1,1.0,1314,9.491437,9.491437,true,false
loosening,1,1.0,1339,9.472604,9.472604,true,false
print,2,1.693147,64859,5.593043,9.469844,true,false
centerline,1,1.0,1345,9.468136,9.468136,true,false
brushing,1,1.0,1404,9.425236,9.425236,true,false
fairing,1,1.0,1421,9.413209,9.413209,true,false
irreparable,1,1.0,1444,9.397164,9.397164,true,false
whit,1,1.0,1453,9.390955,9.390955,true,false
splice,1,1.0,1495,9.362479,9.362479,true,false
use,6,2.791759,612060,3.348442,9.348044,true,false
pant,1,1.0,1596,9.297147,9.297147,true,false
soot,1,1.0,1600,9.294645,9.294645,true,false
water,4,2.386294,355259,3.892424,9.288469,true,false
threat,2,1.693147,72249,5.485141,9.287152,true,false
rework,1,1.0,1667,9.253648,9.253648,true,false
thad,1,1.0,1691,9.239362,9.239362,true,false
shank,1,1.0,1706,9.230536,9.230536,true,false
airspeed,1,1.0,1746,9.207374,9.207374,true,false
pomp,1,1.0,1762,9.198257,9.198257,true,false
passenger,2,1.693147,77555,5.414273,9.167162,true,false
fuzz,1,1.0,1885,9.130815,9.130815,true,false
cadmium,1,1.0,1886,9.130285,9.130285,true,false
boro,1,1.0,1916,9.114512,9.114512,true,false
bode,1,1.0,1959,9.092329,9.092329,true,false
great,5,2.609438,536592,3.480034,9.080932,true,false
demand,2,1.693147,82111,5.357189,9.07051,true,false
choking,1,1.0,2008,9.067637,9.067637,true,false
opening,3,2.098612,234953,4.305884,9.036381,true,false
unbound,1,1.0,2101,9.022384,9.022384,true,false
electrode,1,1.0,2103,9.021433,9.021433,true,false
painting,2,1.693147,84876,5.32407,9.014435,true,false
graze,1,1.0,2151,8.998876,8.998876,true,false
weight,2,1.693147,85786,5.313406,8.996379,true,false
bead,1,1.0,2174,8.988245,8.988245,true,false
flat,2,1.693147,86255,5.307954,8.987147,true,false
hoist,1,1.0,2218,8.968217,8.968217,true,false
folder,1,1.0,2310,8.927593,8.927593,true,false
factory,2,1.693147,89699,5.268803,8.920859,true,false
sludge,1,1.0,2409,8.885647,8.885647,true,false
order,5,2.609438,579160,3.403693,8.881726,true,false
discard,1,1.0,2419,8.881506,8.881506,true,false
cross,3,2.098612,253052,4.231675,8.880644,true,false
plating,1,1.0,2444,8.871228,8.871228,true,false
extra,2,1.693147,92412,5.239006,8.870408,true,false
undamaged,1,1.0,2454,8.867147,8.867147,true,false
post,4,2.386294,425125,3.712888,8.860044,true,false
stock,2,1.693147,93245,5.230032,8.855215,true,false
staggering,1,1.0,2494,8.850985,8.850985,true,false
hinge,1,1.0,2499,8.848983,8.848983,true,false
conformation,1,1.0,2566,8.822536,8.822536,true,false
application,2,1.693147,95173,5.209567,8.820563,true,false
outermost,1,1.0,2728,8.761338,8.761338,true,false
start,3,2.098612,268059,4.174063,8.759739,true,false
type,3,2.098612,268379,4.17287,8.757236,true,false
millimeter,1,1.0,2780,8.742463,8.742463,true,false
overload,1,1.0,2849,8.717955,8.717955,true,false
active,3,2.098612,278120,4.137217,8.682415,true,false
jammed,1,1.0,2997,8.667328,8.667328,true,false
sticker,1,1.0,2997,8.667328,8.667328,true,false
filthy,1,1.0,3004,8.664996,8.664996,true,false
adjacent,2,1.693147,104395,5.117082,8.663973,true,false
restrain,1,1.0,3024,8.658363,8.658363,true,false
wil,1,1.0,3066,8.644574,8.644574,true,false
block,2,1.693147,106641,5.095796,8.627933,true,false
expiry,1,1.0,3123,8.626159,8.626159,true,false
range,3,2.098612,286337,4.108101,8.621311,true,false
burner,1,1.0,3190,8.604939,8.604939,true,false
stag,1,1.0,3231,8.592172,8.592172,true,false
crank,1,1.0,3251,8.586003,8.586003,true,false
finish,2,1.693147,109464,5.069669,8.583695,true,false
strapped,1,1.0,3287,8.574994,8.574994,true,false
ferro,1,1.0,3293,8.573171,8.573171,true,false
override,1,1.0,3366,8.551251,8.551251,true,false
molten,1,1.0,3376,8.548286,8.548286,true,false
new,16,3.772589,1819374,2.259025,8.522373,true,false
grounding,1,1.0,3594,8.48573,8.48573,true,false
way,4,2.386294,499808,3.551048,8.473845,true,false
porous,1,1.0,3711,8.453703,8.453703,true,false
unprotected,1,1.0,3799,8.430273,8.430273,true,false
liter,1,1.0,3835,8.420843,8.420843,true,false
middle,3,2.098612,316315,4.008532,8.412354,true,false
resilient,1,1.0,3960,8.388777,8.388777,true,false
concentric,1,1.0,4095,8.355263,8.355263,true,false
strap,1,1.0,4098,8.354531,8.354531,true,false
bulge,1,1.0,4103,8.353312,8.353312,true,false
lyn,1,1.0,4271,8.313192,8.313192,true,false
som,1,1.0,4303,8.305729,8.305729,true,false
quadrant,1,1.0,4305,8.305264,8.305264,true,false
amount,2,1.693147,129239,4.903602,8.302521,true,false
deformation,1,1.0,4322,8.301324,8.301324,true,false
circumference,1,1.0,4414,8.280266,8.280266,true,false
splinter,1,1.0,4488,8.263644,8.263644,true,false
look,2,1.693147,133178,4.87358,8.251687,true,false
cleanup,1,1.0,4565,8.246636,8.246636,true,false
hot,2,1.693147,135657,4.855137,8.220461,true,false
rupture,1,1.0,4843,8.187533,8.187533,true,false
jelly,1,1.0,4861,8.183824,8.183824,true,false
split,2,1.693147,139897,4.82436,8.168352,true,false
difficult,2,1.693147,141547,4.812635,8.148499,true,false
bridge,2,1.693147,146116,4.780866,8.09471,true,false
complain,1,1.0,5382,8.082028,8.082028,true,false
pedestal,1,1.0,5533,8.054363,8.054363,true,false
bypassing,1,1.0,5533,8.054363,8.054363,true,false
dark,2,1.693147,149915,4.755198,8.051251,true,false
cause,2,1.693147,151400,4.745342,8.034562,true,false
distance,2,1.693147,151793,4.742749,8.030173,true,false
addition,3,2.098612,383697,3.815418,8.007083,true,false
mag,1,1.0,5858,7.997295,7.997295,true,false
disbanding,1,1.0,5869,7.995419,7.995419,true,false
mesh,1,1.0,5889,7.992018,7.992018,true,false
attention,2,1.693147,155381,4.719387,7.990617,true,false
dead,2,1.693147,156812,4.71022,7.975095,true,false
expiration,1,1.0,6106,7.955838,7.955838,true,false
removed,2,1.693147,158702,4.698239,7.95481,true,false
mass,2,1.693147,158942,4.696728,7.952252,true,false
grooves,1,1.0,6339,7.918395,7.918395,true,false
standardization,1,1.0,6361,7.914931,7.914931,true,false
champion,2,1.693147,165537,4.656073,7.883417,true,false
shutdown,1,1.0,6754,7.854991,7.854991,true,false
breakaway,1,1.0,6762,7.853807,7.853807,true,false
rave,1,1.0,6924,7.830136,7.830136,true,false
thorn,1,1.0,6959,7.825094,7.825094,true,false
linden,1,1.0,6964,7.824376,7.824376,true,false
time,9,3.197225,1508102,2.446666,7.82254,true,false
vendor,1,1.0,7173,7.79481,7.79481,true,false
superficial,1,1.0,7213,7.78925,7.78925,true,false
deficiency,1,1.0,7286,7.779182,7.779182,true,false
shipment,1,1.0,7358,7.76935,7.76935,true,false
clockwise,1,1.0,7384,7.765823,7.765823,true,false
lange,1,1.0,7580,7.739629,7.739629,true,false
til,1,1.0,7620,7.734366,7.734366,true,false
fade,1,1.0,7652,7.730176,7.730176,true,false
sound,2,1.693147,184060,4.550006,7.70383,true,false
usable,1,1.0,7991,7.686833,7.686833,true,false
rusty,1,1.0,8006,7.684957,7.684957,true,false
specific,2,1.693147,188081,4.528396,7.66724,true,false
mating,1,1.0,8263,7.653365,7.653365,true,false
dissolve,1,1.0,8321,7.646371,7.646371,true,false
distribution,2,1.693147,193219,4.501444,7.621608,true,false
feather,1,1.0,8581,7.615607,7.615607,true,false
tow,1,1.0,8935,7.575186,7.575186,true,false
form,3,2.098612,473822,3.60444,7.564322,true,false
operation,2,1.693147,200166,4.466122,7.561801,true,false
elbow,1,1.0,9077,7.55942,7.55942,true,false
fore,1,1.0,9267,7.538706,7.538706,true,false
adjustment,1,1.0,9491,7.514824,7.514824,true,false
stationary,1,1.0,9931,7.469512,7.469512,true,false
don,2,1.693147,211606,4.410543,7.467698,true,false
positioning,1,1.0,9954,7.467199,7.467199,true,false
ware,1,1.0,9992,7.463389,7.463389,true,false
key,2,1.693147,212155,4.407952,7.463311,true,false
alt,1,1.0,10075,7.455117,7.455117,true,false
federal,2,1.693147,213420,4.402007,7.453246,true,false
administration,2,1.693147,213464,4.401801,7.452897,true,false
por,1,1.0,10170,7.445733,7.445733,true,false
size,2,1.693147,214908,4.395059,7.441482,true,false
processor,1,1.0,10335,7.429641,7.429641,true,false
lea,1,1.0,10353,7.427901,7.427901,true,false
emigration,1,1.0,10448,7.418767,7.418767,true,false
smell,1,1.0,10552,7.408863,7.408863,true,false
checking,1,1.0,10554,7.408674,7.408674,true,false
noticeable,1,1.0,10790,7.386561,7.386561,true,false
regulating,1,1.0,10909,7.375594,7.375594,true,false
calculation,1,1.0,11000,7.367287,7.367287,true,false
los,2,1.693147,224678,4.350601,7.366208,true,false
aren,1,1.0,11149,7.353834,7.353834,true,false
spark,1,1.0,11674,7.307824,7.307824,true,false
bubble,1,1.0,11767,7.29989,7.29989,true,false
aug,1,1.0,12033,7.277538,7.277538,true,false
silicon,1,1.0,12419,7.245966,7.245966,true,false
crater,1,1.0,12432,7.244919,7.244919,true,false
wash,1,1.0,12509,7.238745,7.238745,true,false
wit,1,1.0,12583,7.232847,7.232847,true,false
jacket,1,1.0,12793,7.216297,7.216297,true,false
mound,1,1.0,12833,7.213176,7.213176,true,false
duel,1,1.0,12854,7.211541,7.211541,true,false
bust,1,1.0,12857,7.211307,7.211307,true,false
texture,1,1.0,13295,7.17781,7.17781,true,false
film,3,2.098612,569712,3.420141,7.17755,true,false
limited,2,1.693147,252884,4.232339,7.165972,true,false
facial,1,1.0,13537,7.159773,7.159773,true,false
aria,1,1.0,13738,7.145035,7.145035,true,false
dig,1,1.0,13777,7.142201,7.142201,true,false
ec,1,1.0,13860,7.136194,7.136194,true,false
reject,1,1.0,14157,7.114994,7.114994,true,false
judgement,1,1.0,14234,7.10957,7.10957,true,false
sol,1,1.0,14452,7.094372,7.094372,true,false
regular,2,1.693147,263850,4.189889,7.094099,true,false
cooling,1,1.0,14710,7.076678,7.076678,true,false
lok,1,1.0,14958,7.05996,7.05996,true,false
collar,1,1.0,15027,7.055358,7.055358,true,false
crossover,1,1.0,15045,7.054161,7.054161,true,false
local,3,2.098612,617944,3.338874,7.007002,true,false
din,1,1.0,15811,7.004504,7.004504,true,false
fin,1,1.0,16082,6.987511,6.987511,true,false
fence,1,1.0,16287,6.974845,6.974845,true,false
alert,1,1.0,16374,6.969518,6.969518,true,false
fork,1,1.0,16461,6.964219,6.964219,true,false
force,2,1.693147,286998,4.105795,6.951715,true,false
cycles,1,1.0,16947,6.935124,6.935124,true,false
afl,1,1.0,17113,6.925377,6.925377,true,false
downstream,1,1.0,17605,6.897034,6.897034,true,false
static,1,1.0,18032,6.87307,6.87307,true,false
micro,1,1.0,18078,6.870523,6.870523,true,false
portable,1,1.0,18151,6.866493,6.866493,true,false
modification,1,1.0,18565,6.843942,6.843942,true,false
house,3,2.098612,668822,3.259754,6.84096,true,false
centre,2,1.693147,307147,4.037944,6.836833,true,false
dec,1,1.0,19073,6.816947,6.816947,true,false
knife,1,1.0,19458,6.796964,6.796964,true,false
pour,1,1.0,19475,6.796091,6.796091,true,false
geometry,1,1.0,19905,6.774252,6.774252,true,false
terrible,1,1.0,20151,6.76197,6.76197,true,false
stuff,1,1.0,20209,6.759096,6.759096,true,false
ear,1,1.0,20950,6.723087,6.723087,true,false
composite,1,1.0,20962,6.722515,6.722515,true,false
complaint,1,1.0,20973,6.72199,6.72199,true,false
burnt,1,1.0,21012,6.720132,6.720132,true,false
boxes,1,1.0,21068,6.717471,6.717471,true,false
pointing,1,1.0,21114,6.71529,6.71529,true,false
underneath,1,1.0,21781,6.68419,6.68419,true,false
capped,1,1.0,21835,6.681714,6.681714,true,false
pipe,1,1.0,22799,6.638513,6.638513,true,false
repeat,1,1.0,23586,6.604578,6.604578,true,false
routine,1,1.0,23801,6.595504,6.595504,true,false
rap,1,1.0,24306,6.574509,6.574509,true,false
min,1,1.0,24512,6.56607,6.56607,true,false
mild,1,1.0,25003,6.546238,6.546238,true,false
update,1,1.0,25165,6.53978,6.53978,true,false
mistake,1,1.0,25266,6.535774,6.535774,true,false
originating,1,1.0,25694,6.518977,6.518977,true,false
integrity,1,1.0,26320,6.494907,6.494907,true,false
intact,1,1.0,26656,6.482222,6.482222,true,false
log,1,1.0,27087,6.466183,6.466183,true,false
edges,1,1.0,27088,6.466146,6.466146,true,false
interface,1,1.0,27440,6.453235,6.453235,true,false
butterfly,1,1.0,29313,6.387208,6.387208,true,false
catalog,1,1.0,29417,6.383667,6.383667,true,false
refer,2,1.693147,401471,3.770136,6.383395,true,false
hybrid,1,1.0,29793,6.370967,6.370967,true,false
tiny,1,1.0,30100,6.360715,6.360715,true,false
obvious,1,1.0,30678,6.341695,6.341695,true,false
tight,1,1.0,31027,6.330384,6.330384,true,false
blocked,1,1.0,31316,6.321113,6.321113,true,false
arc,1,1.0,31933,6.301602,6.301602,true,false
longtime,1,1.0,32059,6.297664,6.297664,true,false
enhanced,1,1.0,33377,6.257377,6.257377,true,false
consumption,1,1.0,33466,6.254714,6.254714,true,false
measuring,1,1.0,33476,6.254415,6.254415,true,false
monitoring,1,1.0,33890,6.242124,6.242124,true,false
vicinity,1,1.0,34230,6.232142,6.232142,true,false
requirement,1,1.0,34587,6.221767,6.221767,true,false
shock,1,1.0,34864,6.21379,6.21379,true,false
raw,1,1.0,35301,6.201334,6.201334,true,false
firing,1,1.0,35430,6.197686,6.197686,true,false
sample,1,1.0,35596,6.193012,6.193012,true,false
functional,1,1.0,36295,6.173566,6.173566,true,false
record,2,1.693147,465629,3.621882,6.13238,true,false
certificate,1,1.0,38240,6.121365,6.121365,true,false
accurate,1,1.0,38792,6.107034,6.107034,true,false
witness,1,1.0,38923,6.103663,6.103663,true,false
reverse,1,1.0,39410,6.091229,6.091229,true,false
grove,1,1.0,39743,6.082815,6.082815,true,false
shipping,1,1.0,40166,6.072228,6.072228,true,false
electricity,1,1.0,40660,6.060004,6.060004,true,false
hat,1,1.0,41130,6.048512,6.048512,true,false
frequency,1,1.0,43204,5.999317,5.999317,true,false
lie,1,1.0,43562,5.991065,5.991065,true,false
burning,1,1.0,44238,5.975667,5.975667,true,false
intermediate,1,1.0,44266,5.975034,5.975034,true,false
manuel,1,1.0,45030,5.957922,5.957922,true,false
pain,1,1.0,45358,5.950665,5.950665,true,false
notice,1,1.0,45366,5.950489,5.950489,true,false
ask,1,1.0,46782,5.919754,5.919754,true,false
interpretation,1,1.0,47692,5.900489,5.900489,true,false
thin,1,1.0,47798,5.898269,5.898269,true,false
bold,1,1.0,49009,5.873249,5.873249,true,false
identical,1,1.0,49777,5.8577,5.8577,true,false
relevant,1,1.0,50250,5.848243,5.848243,true,false
touch,1,1.0,50280,5.847646,5.847646,true,false
shift,1,1.0,50488,5.843518,5.843518,true,false
near,2,1.693147,552359,3.451074,5.843176,true,false
bush,1,1.0,50545,5.84239,5.84239,true,false
ride,1,1.0,50838,5.83661,5.83661,true,false
coal,1,1.0,50943,5.834547,5.834547,true,false
balance,1,1.0,53235,5.790539,5.790539,true,false
tier,1,1.0,54382,5.769222,5.769222,true,false
disc,1,1.0,54853,5.760599,5.760599,true,false
object,1,1.0,55412,5.750459,5.750459,true,false
duo,1,1.0,56661,5.72817,5.72817,true,false
mechanical,1,1.0,56741,5.726759,5.726759,true,false
conclusion,1,1.0,59303,5.682597,5.682597,true,false
second,3,2.098612,1162536,2.706914,5.680762,true,false
counter,1,1.0,60279,5.666273,5.666273,true,false
option,1,1.0,62173,5.635337,5.635337,true,false
indicate,1,1.0,62884,5.623966,5.623966,true,false
mention,1,1.0,63234,5.618416,5.618416,true,false
junction,1,1.0,64760,5.59457,5.59457,true,false
pattern,1,1.0,65221,5.587477,5.587477,true,false
window,1,1.0,67749,5.549449,5.549449,true,false
card,1,1.0,68314,5.541144,5.541144,true,false
approval,1,1.0,69323,5.526482,5.526482,true,false
unusual,1,1.0,69481,5.524206,5.524206,true,false
grey,1,1.0,69697,5.521102,5.521102,true,false
parallel,1,1.0,71634,5.49369,5.49369,true,false
ann,1,1.0,71801,5.491361,5.491361,true,false
proper,1,1.0,72070,5.487622,5.487622,true,false
turning,1,1.0,72442,5.482474,5.482474,true,false
ready,1,1.0,73022,5.474499,5.474499,true,false
loan,1,1.0,73504,5.46792,5.46792,true,false
path,1,1.0,74873,5.449467,5.449467,true,false
severe,1,1.0,75682,5.43872,5.43872,true,false
circuit,1,1.0,75982,5.434764,5.434764,true,false
jan,1,1.0,76601,5.42665,5.42665,true,false
sector,1,1.0,77339,5.417062,5.417062,true,false
thing,1,1.0,78031,5.408155,5.408155,true,false
ward,1,1.0,79148,5.393941,5.393941,true,false
temporary,1,1.0,79712,5.386841,5.386841,true,false
orange,1,1.0,81430,5.365518,5.365518,true,false
day,2,1.693147,733118,3.167966,5.363832,true,false
bus,1,1.0,83683,5.338226,5.338226,true,false
equal,1,1.0,85387,5.318068,5.318068,true,false
didn,1,1.0,86075,5.310043,5.310043,true,false
overview,1,1.0,86257,5.307931,5.307931,true,false
affected,1,1.0,87944,5.288562,5.288562,true,false
traffic,1,1.0,91393,5.250094,5.250094,true,false
apart,1,1.0,92944,5.233266,5.233266,true,false
evening,1,1.0,93060,5.232018,5.232018,true,false
eye,1,1.0,94109,5.220809,5.220809,true,false
der,1,1.0,98308,5.177158,5.177158,true,false
blood,1,1.0,105624,5.105379,5.105379,true,false
method,1,1.0,107597,5.086872,5.086872,true,false
looking,1,1.0,110939,5.056284,5.056284,true,false
yellow,1,1.0,112989,5.037974,5.037974,true,false
begin,1,1.0,113900,5.029944,5.029944,true,false
determined,1,1.0,115486,5.016116,5.016116,true,false
format,1,1.0,115950,5.012106,5.012106,true,false
content,1,1.0,118064,4.994038,4.994038,true,false
schedule,1,1.0,118162,4.993209,4.993209,true,false
situation,1,1.0,119922,4.978424,4.978424,true,false
agreement,1,1.0,126950,4.921472,4.921472,true,false
connected,1,1.0,128615,4.908442,4.908442,true,false
chart,1,1.0,129431,4.902118,4.902118,true,false
letter,1,1.0,129747,4.89968,4.89968,true,false
paper,1,1.0,130190,4.896271,4.896271,true,false
alternative,1,1.0,131972,4.882676,4.882676,true,false
analysis,1,1.0,133159,4.873722,4.873722,true,false
pro,1,1.0,134154,4.866278,4.866278,true,false
break,1,1.0,136113,4.851781,4.851781,true,false
entry,1,1.0,136956,4.845607,4.845607,true,false
engineer,1,1.0,137730,4.839971,4.839971,true,false
joint,1,1.0,138105,4.837252,4.837252,true,false
capacity,1,1.0,138122,4.837129,4.837129,true,false
environment,1,1.0,139070,4.830289,4.830289,true,false
fine,1,1.0,141361,4.81395,4.81395,true,false
presence,1,1.0,142616,4.805111,4.805111,true,false
potential,1,1.0,143114,4.801625,4.801625,true,false
state,2,1.693147,1049862,2.808859,4.755811,true,false
technical,1,1.0,157260,4.707367,4.707367,true,false
likely,1,1.0,157581,4.705328,4.705328,true,false
direction,1,1.0,157694,4.704611,4.704611,true,false
hold,1,1.0,158283,4.700883,4.700883,true,false
van,1,1.0,158647,4.698586,4.698586,true,false
effect,1,1.0,162333,4.675618,4.675618,true,false
movie,1,1.0,162828,4.672573,4.672573,true,false
lack,1,1.0,167532,4.644093,4.644093,true,false
mixed,1,1.0,168604,4.637715,4.637715,true,false
prize,1,1.0,171326,4.6217,4.6217,true,false
recording,1,1.0,171950,4.618064,4.618064,true,false
attempt,1,1.0,176207,4.593609,4.593609,true,false
sport,1,1.0,185149,4.544107,4.544107,true,false
double,1,1.0,188439,4.526494,4.526494,true,false
failed,1,1.0,192745,4.5039,4.5039,true,false
profile,1,1.0,195481,4.489805,4.489805,true,false
remaining,1,1.0,196406,4.485085,4.485085,true,false
seat,1,1.0,201916,4.457417,4.457417,true,false
al,1,1.0,207245,4.431367,4.431367,true,false
race,1,1.0,213563,4.401337,4.401337,true,false
self,1,1.0,218865,4.376814,4.376814,true,false
match,1,1.0,218889,4.376704,4.376704,true,false
entire,1,1.0,219884,4.372169,4.372169,true,false
united,2,1.693147,1329641,2.572609,4.355805,true,false
closed,1,1.0,225343,4.347645,4.347645,true,false
space,1,1.0,225352,4.347606,4.347606,true,false
external,4,2.386294,2828449,1.817789,4.337781,true,false
description,1,1.0,230377,4.325552,4.325552,true,false
associated,1,1.0,238651,4.290267,4.290267,true,false
organization,1,1.0,250618,4.24134,4.24134,true,false
health,1,1.0,254088,4.227589,4.227589,true,false
process,1,1.0,257759,4.213245,4.213245,true,false
sent,1,1.0,261589,4.198495,4.198495,true,false
year,2,1.693147,1506772,2.447548,4.144059,true,false
sea,1,1.0,282485,4.121645,4.121645,true,false
body,1,1.0,287962,4.102442,4.102442,true,false
prior,1,1.0,295643,4.076118,4.076118,true,false
term,1,1.0,303982,4.048302,4.048302,true,false
band,1,1.0,309941,4.028888,4.028888,true,false
hall,1,1.0,321137,3.993403,3.993403,true,false
release,1,1.0,332984,3.957176,3.957176,true,false
round,1,1.0,333012,3.957092,3.957092,true,false
free,1,1.0,371847,3.846788,3.846788,true,false
run,1,1.0,375832,3.836129,3.836129,true,false
notable,1,1.0,381322,3.821627,3.821627,true,false
track,1,1.0,407009,3.756436,3.756436,true,false
division,1,1.0,407922,3.754195,3.754195,true,false
production,1,1.0,419023,3.727345,3.727345,true,false
man,1,1.0,438376,3.682194,3.682194,true,false
period,1,1.0,444673,3.667932,3.667932,true,false
late,1,1.0,553295,3.44938,3.44938,true,false
major,1,1.0,630741,3.318377,3.318377,true,false
found,1,1.0,739631,3.159121,3.159121,true,false
international,1,1.0,816428,3.060334,3.060334,true,false
name,1,1.0,949164,2.909691,2.909691,true,false
following,1,1.0,1035347,2.822781,2.822781,true,false
well,1,1.0,1066766,2.792886,2.792886,true,false
life,1,1.0,1081515,2.779155,2.779155,true,false
an,1,1.0,3314453,1.659225,1.659225,true,false
